Value,Count
0,5.110141866124234
1,4.424314636344503
2,4.577081198765217
3,5.088841921791592
4,4.303662110959332
5,4.944758905334356
6,5.038887654353052
7,4.930117435237974
8,4.839999939725831
9,4.675315983201509
10,4.666003283859832
11,4.382073659720747
12,4.230865919116605
13,3.8338499974568427
14,4.54374427194074
