Value,Count
0,4.954484479021614
1,4.698760685258297
2,4.50369177000697
3,4.362996131706002
4,4.868096412291944
5,4.937500633368493
6,4.635498744985324
7,4.901949222926173
8,4.826371499921659
9,4.46132691677643
10,4.872205678305148
11,5.043263387653427
12,4.929793677572545
13,4.854493530845948
14,4.650864133187907
