Value,Count
0,5.559729424145208
1,5.487387739277728
2,5.513336088733618
3,5.4316957669821875
4,5.505355054099025
5,5.44318002922054
6,5.558549276708408
7,5.483486902441642
8,5.494450181366239
9,5.540431148179085
10,5.533950854015688
11,5.4415210974629895
12,5.501242238943562
13,5.453206930988803
14,5.500934059345051
