Value,Count
0,4.897279949958577
1,4.830570793778294
2,4.3662629365315295
3,4.57017452865224
4,4.821564287324195
5,4.785028176518912
6,4.387653703379726
7,4.471442354707951
8,4.7012883856403915
9,5.163903438724313
10,4.6730640116552165
11,5.103438632247713
12,4.886619460134637
13,4.451833892739351
14,4.403005568218589
