Value,Count
0,4.530378796684694
1,5.104743047236501
2,4.725146557129623
3,4.930065564725126
4,4.305184395656517
5,5.204031741566572
6,4.52708341031891
7,5.001486547082352
8,4.551410594895342
9,4.9961256876137785
10,4.8114487299305315
11,4.864488492502781
12,3.9673424816546032
13,4.100881529178924
14,4.1142869955549966
