Value,Count
0,4.247327046628729
1,5.0554907475228
2,4.804806467248379
3,5.309925749627615
4,4.516826717182093
5,4.56996732945867
6,5.080714071495468
7,3.954178545826671
8,4.5967985989202065
9,4.540230024866162
10,5.1435397752908525
11,4.530279078340608
12,4.673094440234208
13,4.831162714646865
14,4.472770867015879
