Value,Count
0,4.675346625707147
1,4.998649802872923
2,4.933269489501532
3,5.240538700207648
4,4.786899182847503
5,4.6303900040416215
6,5.209778519735005
7,4.011210653568784
8,3.7120615149993244
9,5.093144535934855
10,5.045501379575469
11,4.410844128016432
12,4.551375815126045
13,4.8123472152306315
14,4.407924980037245
