Value,Count
0,4.373860311448465
1,4.884321023621422
2,4.907075098249455
3,5.189879045899524
4,4.772352586208208
5,4.440875818058785
6,4.307987323685181
7,4.237024925106802
8,4.701737820926137
9,4.914021599360408
10,5.058784761738017
11,4.727462839661812
12,4.547342051887312
13,4.401431064215637
14,4.3966515942322655
