Value,Count
0,4.437797074941947
1,5.184877095174142
2,4.921437451492554
3,5.1440093104544555
4,5.160908044417518
5,3.9908206427018724
6,5.1503829577388025
7,4.443626306513495
8,4.307765901910158
9,3.845720117735554
10,5.078029944186381
11,5.020755439452594
12,4.4616196945017705
13,4.921164647670547
14,4.33415018919781
