Value,Count
0,4.84136287046166
1,4.56314802310219
2,3.7915726692403853
3,4.634447776587403
4,4.8243783804519715
5,4.541072096957292
6,4.646634218111285
7,5.067341114569934
8,5.0225690328259915
9,5.0992437375876545
10,5.208485471999149
11,4.250996874748138
12,5.05645107458385
13,4.766713093952608
14,4.831601159618004
