Value,Count
0,4.679600390027636
1,4.362905698234039
2,4.685792700029685
3,4.338241922505762
4,4.934764144628124
5,5.025093244342288
6,4.89820402362878
7,5.027491928277957
8,4.912538864286544
9,5.213866145358804
10,4.897448113305499
11,4.342123579566238
12,4.255456136551798
13,4.674861199740984
14,3.8815286919343355
