Value,Count
0,4.751989922726355
1,4.78960632640341
2,4.896479878854399
3,4.186475522330787
4,4.6698841467594825
5,4.542900311455997
6,4.478209707110048
7,4.812416159288734
8,4.604279295224516
9,5.074391487636884
10,5.030360446873037
11,4.800888961706036
12,4.73508907879912
13,4.176840525090637
14,3.963260778676457
