Value,Count
0,4.417266359514335
1,4.621510313009736
2,5.167119000252675
3,4.980145937432476
4,4.764955577946194
5,4.72386368110662
6,4.99817717407899
7,5.142890747165689
8,4.958123726154693
9,4.835846501416323
10,5.032690356886325
11,5.16708362447617
12,4.781105145048828
13,4.921803556301332
14,4.392268769210832
