Value,Count
0,4.450847233446875
1,4.4578917411710695
2,4.792830115107058
3,4.8345749482085525
4,4.165364185246623
5,5.076273646645106
6,4.585547840937066
7,3.684680164785956
8,4.726172753922744
9,4.9496269308780745
10,3.841733618946288
11,4.813525484609126
12,3.930217964770009
13,4.883640157186402
14,4.997926337985837
