Value,Count
0,4.18719802285456
1,4.6462744917103596
2,4.709854931228432
3,4.750931013387955
4,4.144756980373464
5,5.106632162272826
6,4.676350788828017
7,4.7614594548406695
8,4.821398599024378
9,5.014550910178299
10,4.325841328863656
11,4.877930832087119
12,5.062389892650648
13,3.9618919543696234
14,5.054390662241016
