Value,Count
0,4.330491189618514
1,4.963359456933425
2,4.7990860157731206
3,4.810550995321887
4,4.651113081198745
5,4.496012758152233
6,5.007725212506205
7,4.819071623276357
8,5.010928859550185
9,4.434848411290009
10,4.416630258797866
11,4.682025886578029
12,4.8695858448184755
13,4.765452957741073
14,3.8723677383838973
