Value,Count
0,5.078448383986047
1,4.385310516122552
2,4.278430254961468
3,4.99293212076283
4,4.38397994557418
5,4.633080452643235
6,3.8354089017866806
7,4.212077612892601
8,4.674576564188
9,4.786668768491921
10,5.124977885431064
11,4.717257468599499
12,5.214643866750741
13,4.604595879463756
14,3.476439344671016
