Value,Count
0,4.682646786411803
1,3.6880981932798416
2,4.707613395836035
3,3.8005563424146556
4,4.129466187406086
5,5.177999864461894
6,4.518107293092904
7,5.068721171304553
8,5.0113118775631555
9,4.397963026769569
10,4.921877468235133
11,5.048375145047534
12,4.57566843772711
13,3.911879654947107
14,4.819131142401577
