Value,Count
0,5.53465940126607
1,5.488723946227603
2,5.54461113107214
3,5.508710226414311
4,5.567677021332576
5,5.4975160716266736
6,5.491290509137491
7,5.5450295708718045
8,5.492348395426265
9,5.48299853648484
10,5.549142386027269
11,5.485724398308892
12,5.498528446141066
13,5.495239616167504
14,5.51283400296352
