Value,Count
0,4.583200378806338
1,4.445997247809778
2,4.950837231419645
3,4.518611804573953
4,4.696407309858352
5,4.813611992304018
6,5.0457035677415485
7,4.789699895604233
8,5.163591240756974
9,5.143254963892149
10,4.992646158000639
11,5.120670683122475
12,4.703116909776401
13,4.761976609841079
14,4.433560022411216
