Value,Count
0,4.570971430265097
1,4.592924816564782
2,5.096422618281001
3,4.70269636001256
4,4.875683727213723
5,4.543738920867359
6,4.6210435086823205
7,4.57645543115306
8,4.804434652720612
9,3.6820592004281214
10,5.095524596134813
11,4.687592565268693
12,4.500467270331155
13,4.754156554419077
14,4.977270486644171
