Value,Count
0,4.2449773522310466
1,4.176037318764002
2,4.389255517014792
3,4.620403759220992
4,4.585431589315408
5,4.55248520178345
6,3.42686487197269
7,5.1044759414277525
8,5.1374433705464835
9,4.3468791989335465
10,5.019750792570872
11,4.0839827952158645
12,4.203362979303976
13,4.636859571829632
14,4.850841102772605
