Value,Count
0,4.124966903582728
1,4.928341690024876
2,4.335305958509226
3,4.587226789571822
4,4.917303505935358
5,4.390545597944609
6,4.752614280507966
7,4.628254872475749
8,4.683004320148213
9,4.3218598047307495
10,5.115738943518054
11,4.677267875631419
12,4.420029634586796
13,5.123477033268046
14,4.056035660028011
