Value,Count
0,4.500329763214761
1,5.131830220779012
2,4.089506430711813
3,4.874696427834308
4,5.030665320319997
5,4.355046874500511
6,4.86253458491079
7,4.715863497592881
8,4.888501006514477
9,4.137101466922591
10,5.093083007851138
11,4.428207372125125
12,4.23250895538786
13,4.098350342045542
14,4.415951907670292
