Value,Count
0,4.862390594419271
1,4.991363460538456
2,4.62070777384044
3,4.904792747435085
4,5.24518092243815
5,4.6524131525256305
6,4.963458887739966
7,4.786876418422494
8,4.422629193415143
9,4.446144998549382
10,4.498577164309531
11,4.547105818297703
12,4.333339102779542
13,3.9611188602729213
14,4.9449607411445715
