Value,Count
0,4.453769900278483
1,4.828808000670565
2,4.686167765077659
3,4.911175896601835
4,4.78743854710412
5,4.524975937779685
6,5.001330893428462
7,4.945683657758397
8,4.318025145230792
9,4.942772962543515
10,4.749255129858215
11,4.226622320724622
12,4.860940882561553
13,4.540502060169083
14,5.063755353929147
