Value,Count
0,4.739389457891206
1,4.437128655269009
2,4.269268519523497
3,4.6243983842336736
4,4.757922363384481
5,4.49430762750919
6,5.18805158257416
7,4.800016941744983
8,4.234279346942625
9,4.675075015800011
10,4.948207219724546
11,4.625710406260471
12,4.596147424260334
13,4.4675679256360175
14,4.641757055220783
