Value,Count
0,4.871772224568043
1,4.662749588473998
2,3.4742634388172418
3,5.086707518494664
4,4.930502707552525
5,4.69626968540836
6,4.974206411085768
7,4.763693857906653
8,4.52493143656899
9,4.51118682978635
10,4.223358479366666
11,4.889083900815163
12,4.752966744523749
13,4.505471317426412
14,5.021932426508602
