Value,Count
0,4.118692922785598
1,5.249771696518501
2,4.551189238993798
3,4.790099609053359
4,5.246538785351238
5,4.369362624197626
6,4.597435172877884
7,4.919695294113714
8,4.39355936160065
9,4.436867191903553
10,4.575048019325364
11,4.07903074523483
12,5.028801403097004
13,4.799824451858527
14,4.3107240954660435
