Value,Count
0,5.448116004162039
1,5.515029570871804
2,5.521950786193944
3,5.531674398556519
4,5.522952199314588
5,5.506401978994054
6,5.562833177567653
7,5.585483386447973
8,5.57009277053444
9,5.451580616588207
10,5.541834522866554
11,5.487257756137044
12,5.51788624123241
13,5.465982713798522
14,5.5006411934747845
