Value,Count
0,4.8263059829758035
1,5.0959026516435015
2,4.719733620589001
3,5.1966679430960525
4,4.243358479366666
5,5.11314671009496
6,5.0526300791156995
7,4.686492422909015
8,3.6507519158616137
9,5.062455122058962
10,5.020326942675352
11,5.001391860697875
12,5.014486021620779
13,5.068995670859658
14,4.51307469427989
