Value,Count
0,4.732878981537885
1,4.597217179726536
2,4.784796331250499
3,4.927733125210986
4,3.9567891699965494
5,4.6424808494489485
6,4.846443653158933
7,5.062670463406676
8,3.7962699921851644
9,4.862673591115939
10,4.513051742042643
11,4.364555243158699
12,4.700942718425396
13,5.087746850893981
14,4.066596622628055
