Value,Count
0,4.323766134383859
1,5.000522442761889
2,4.438102793668613
3,4.98104550841443
4,4.8509484808312555
5,4.30934779675652
6,4.315157677865585
7,4.91211070272008
8,4.762953024710455
9,5.027174263300543
10,4.333170925085095
11,4.150441118478125
12,4.916126652071564
13,4.970110995816162
14,4.370429692656012
