Value,Count
0,4.823602517313658
1,4.789535986579296
2,4.689376563473778
3,5.074549091551306
4,4.140174052746608
5,5.055506388089941
6,5.234832454805817
7,4.582503627571961
8,4.342094325237617
9,4.851805694756781
10,4.973649418613382
11,4.558404867355209
12,5.1020506896101345
13,4.978309915639223
14,4.551889379216092
