Value,Count
0,4.5394385627073905
1,4.761566086681463
2,5.056930508454748
3,4.305393726153398
4,5.041242238943561
5,4.394027107000125
6,4.72299216124287
7,5.177156863414685
8,4.585035975226632
9,4.896677541235608
10,4.713196512758978
11,4.325747546895345
12,5.205563211312405
13,4.5003446987471465
14,4.382484556003597
