Value,Count
0,4.58451463585533
1,4.563202499634002
2,4.781157874701003
3,4.197505036019052
4,5.016317343717452
5,3.9779336549738002
6,4.674704076446679
7,4.783125173834038
8,4.567938879063256
9,4.546528488648481
10,4.411347847002831
11,5.014210459379224
12,5.235287886361433
13,4.399098238647249
14,4.820386174263025
