Value,Count
0,5.4716743985565195
1,5.472450113544492
2,5.472584567341322
3,5.4126694529387
4,5.475341334285732
5,5.543483318626227
6,5.541370571292509
7,5.514597411258848
8,5.51351869440273
9,5.541045913461155
10,5.513577925990405
11,5.460431973574953
12,5.524806631158679
13,5.524820350971972
14,5.480722081025669
