Value,Count
0,4.593769521716979
1,4.163021341544977
2,5.044129571828337
3,4.264051296430376
4,5.08936615113626
5,3.500030960624222
6,4.533304255198164
7,4.924350040659462
8,4.972530697054331
9,5.035896547432473
10,4.745089048221545
11,4.447021111913043
12,5.110826270025901
13,5.007989367546187
14,4.179963223045314
