Value,Count
0,4.3780290409103895
1,3.871086697259796
2,5.187980848596585
3,4.216868677789742
4,5.044457829978611
5,4.748318938703687
6,5.036737519198852
7,4.919359842644756
8,4.885194962460516
9,5.078740203673363
10,4.931514306918009
11,4.927732652601332
12,5.289038180523535
13,5.17187754725543
14,3.6341808374354065
