Value,Count
0,4.6306346896872626
1,4.462153618816855
2,4.128517156730706
3,5.0436628791507125
4,4.755113592180034
5,4.250043674944639
6,4.858748898468684
7,4.649310174252093
8,4.945861389738186
9,4.891418762466139
10,4.634950334112653
11,5.10263436469974
12,4.046885904682904
13,5.034764415662168
14,4.417393388970454
