Value,Count
0,4.625956924963669
1,4.9877217077110885
2,4.57099145497317
3,5.000088468446895
4,4.869367913619822
5,4.655898837167324
6,4.927094991729105
7,4.675721619135602
8,4.058034679878273
9,4.91753420065125
10,5.132258293530518
11,5.205414285686699
12,3.706161068420847
13,4.859087830475157
14,4.061894025488268
