Value,Count
0,4.771367504581672
1,4.665335356134478
2,4.52806068009084
3,4.950568139608376
4,4.660637666536148
5,4.815294790400412
6,5.082599814319105
7,4.829279192384456
8,5.045826037406823
9,4.676702279319428
10,4.541487660015763
11,4.791432596112017
12,3.9627886404282266
13,5.021583375007754
14,3.891408417951013
