Value,Count
0,4.196679446178604
1,4.47042987133537
2,4.407230983737833
3,4.893231045564182
4,4.9961475612785895
5,4.646542374472254
6,5.24951991670783
7,4.797926026220194
8,5.043808801853446
9,4.910279682949397
10,4.861183694183038
11,4.998579253967461
12,4.245731221525395
13,4.486308845213227
14,4.019150144183439
