Value,Count
0,4.339879602187778
1,4.829404064545231
2,4.628096412291944
3,4.801768180524827
4,4.9399396779581535
5,4.73626705863565
6,5.045209536443012
7,4.817987959350633
8,4.6269399368246145
9,4.583574211269617
10,4.919838038860223
11,4.74770601187179
12,4.058213657483306
13,4.866633577787526
14,4.328601611699292
