Value,Count
0,5.475948163417885
1,5.474335568830584
2,5.463077773243989
3,5.527502351813382
4,5.431126801012042
5,5.579405053851398
6,5.54430730380813
7,5.469610746812597
8,5.47911494640068
9,5.521161351392675
10,5.454066291947209
11,5.514205585689904
12,5.491276501786654
13,5.482715252250626
14,5.520755806010437
