Value,Count
0,5.467306851726841
1,5.445854381449573
2,5.549049429454826
3,5.486772148599788
4,5.497899961045701
5,5.526642990854975
6,5.52153234639428
7,5.441045913461155
8,5.537466976036876
9,5.462855658926729
10,5.484949973194827
11,5.491255133360988
12,5.5193833978881885
13,5.475822589488486
14,5.522030848348961
