Value,Count
0,5.531740740898244
1,5.476946818118986
2,5.542323714219226
3,5.58182080305326
4,5.455854381449575
5,5.519527100842165
6,5.528933166127437
7,5.618014573581356
8,5.52440108577644
9,5.480337366210774
10,5.51530595850923
11,5.563228586952013
12,5.4822891638385896
13,5.54709680643114
14,5.473403256471208
