Value,Count
0,5.53627282124924
1,5.519174177988356
2,5.447320571540134
3,5.517770803300888
4,5.527689915750003
5,5.536562928699956
6,5.525145008803325
7,5.469481589067783
8,5.494261504496203
9,5.54003436434263
10,5.513692538526058
11,5.480916755716339
12,5.497062256050506
13,5.514240961466406
14,5.550952131492844
