Value,Count
0,5.5684656307379745
1,5.465274166548141
2,5.557725291526506
3,5.562578445893439
4,5.472334675612971
5,5.577176868586161
6,5.567096806431143
7,5.414111803721591
8,5.48709763182701
9,5.490193663256798
10,5.439432493477986
11,5.516063601349408
12,5.470755806010438
13,5.521660678743225
14,5.490092770534438
