{
  "parameters": {
    "n_population": 200,
    "K": 10,
    "mu": 0.05,
    "max_depth": 5
  },
  "best_distance": 113.71437100876757,
  "time_series": [
    [
      1.7084349000360817,
      116.1989034330918
    ],
    [
      3.3536454000277445,
      116.1989034330918
    ],
    [
      4.979056900017895,
      116.54664407717459
    ],
    [
      6.650584000046365,
      115.73491311874182
    ],
    [
      8.398531600018032,
      114.75935876304443
    ],
    [
      10.079659200040624,
      113.71437100876757
    ]
  ],
  "convergence_time": 10.079659200040624
}