Value,Count
0,1.5885157718422498
1,1.7706311775823944
2,1.2207415512116433
3,1.8636086396745988
4,1.5263716981480902
5,3.85148767531818
6,2.77506132283555
7,1.7630292501690317
8,3.6697090928307228
9,4.027970720462433
10,2.069987704192187
11,3.1498907486536316
12,3.8383810023072993
13,2.3719842111453207
14,1.299091590654255
