Value,Count
0,5.577966303387426
1,5.451465178656687
2,5.549499661215579
3,5.465881747695877
4,5.529788943270427
5,5.485806111255645
6,5.546468321335777
7,5.4951104584226895
8,5.461545240811702
9,5.539967196605039
10,5.495598824379493
11,5.476028225572904
12,5.528175523287258
13,5.40711928779022
14,5.517770803300886
