Value,Count
0,3.750453046972649
1,2.157874767174329
2,3.412973874468092
3,3.77381782104376
4,3.9539107417539996
5,4.166083788119681
6,4.342226117774733
7,3.278359134028491
8,4.0180809258869825
9,3.5412731187815085
10,3.418294772741733
11,4.054497389103403
12,3.7781969485897036
13,3.811959885584469
14,3.1527817041361494
