Value,Count
0,1.9514409819324825
1,1.5543079430300115
2,1.6348213964864498
3,2.0231892423043902
4,1.4335959153383715
5,3.9460684459535744
6,1.613933622128795
7,2.218686104644391
8,1.881860247128014
9,2.974959452824821
10,1.8365998423423717
11,1.4760312416383292
12,1.78151016351338
13,1.7691545794546932
14,1.2492118045972969
