Value,Count
0,1.325062009271929
1,1.5530965879878222
2,1.604266033812975
3,3.5189453159194564
4,3.174599487100065
5,4.031256558722011
6,3.8669021359751783
7,1.9920010369381762
8,3.9419802302529767
9,3.559649558810356
10,2.522313327832049
11,3.775782680028326
12,4.1433757843277155
13,3.8378053689839384
14,1.3105351171297488
