Value,Count
0,5.499858581890022
1,5.534807456554547
2,5.50662927104168
3,5.5275961337816915
4,5.519143211423137
5,5.460306399645552
6,5.4433541608814116
7,5.571095009050952
8,5.479419599060559
9,5.497561583401056
10,5.481509865035201
11,5.509513381028871
12,5.5124706565742905
13,5.467002736925286
14,5.487142318205524
