Value,Count
0,2.012436262040326
1,1.121671423337102
2,1.5682655114926507
3,1.6320467588318124
4,1.7592798767798223
5,3.839482517083707
6,1.6701812908394538
7,1.5648213964864497
8,3.4895571595179105
9,3.859429048677751
10,2.2047838230204935
11,2.919045519025703
12,2.609316007075776
13,1.6100148990489789
14,2.1623794078987393
