Value,Count
0,1.1115794603365061
1,4.191528819455643
2,3.1616212395957657
3,3.7474679660180965
4,2.3258818768359264
5,3.330201779082966
6,2.0629864078234785
7,2.6376812593136174
8,2.168679593065511
9,3.8054073890899094
10,3.415383273532823
11,2.6236038240205044
12,4.022549292480272
13,1.3884976252831611
14,1.9309975115763527
