Value,Count
0,2.5591422076849715
1,3.6875376831413993
2,4.17520798968954
3,3.6655911804254244
4,2.8593368129492185
5,4.311900346498213
6,2.9218240445658696
7,3.547639123258039
8,3.6073859199450906
9,4.361193760965733
10,4.307782220800781
11,3.3872622041938554
12,4.353580447119367
13,3.2936986154908947
14,3.8074667520714836
