Value,Count
0,5.482837586778934
1,5.507966303387425
2,5.430532866297312
3,5.532044568162254
4,5.52560978577324
5,5.5487239462276055
6,5.437488344462542
7,5.531870724038925
8,5.5464930025428165
9,5.455701080356046
10,5.499597026999304
11,5.525110458422691
12,5.450047258760057
13,5.548898615746801
14,5.533626196184336
