Value,Count
0,5.460134969527446
1,5.520291854436391
2,5.527142318205522
3,5.49980266308372
4,5.502160006093775
5,5.3762736466451075
6,5.566642990854974
7,5.444740288816956
8,5.431905274419561
9,5.4992514652203255
10,5.496433770955141
11,5.433773426076943
12,5.490466523955589
13,5.531915410417439
14,5.518769458001987
