Value,Count
0,5.472679876474122
1,5.506014505759611
2,5.5361790392809285
3,5.559512555633003
4,5.493206930988803
5,5.507689915750002
6,5.490930475529634
7,5.505333398135817
8,5.495037219484178
9,5.579788943270428
10,5.425159554012486
11,5.525100322424813
12,5.530721255629803
13,5.537062256050506
14,5.477665772401288
