Value,Count
0,1.9082270248186484
1,3.7641231304954563
2,4.505014086603436
3,1.169719625709286
4,1.486047040316737
5,3.70009768305393
6,1.1864945395040127
7,1.8723091354170662
8,4.315145500954458
9,4.086134515220698
10,2.500170731187391
11,3.8794283453311853
12,4.005690817257613
13,2.1046799088532184
14,1.6282421506062776
