Value,Count
0,5.47293489568588
1,5.563172380608167
2,5.456549208886662
3,5.413738050300439
4,5.516807524376293
5,5.492579271289308
6,5.557561583401056
7,5.496806698980424
8,5.512463833357788
9,5.537062256050505
10,5.4942401360705375
11,5.368804833778488
12,5.4986885704511
13,5.537725291526506
14,5.466225376451177
