Value,Count
0,3.688725742876155
1,2.485464070549274
2,1.631010836162831
3,2.540368989138551
4,2.2539338833723974
5,3.0478818218504506
6,4.286063466945792
7,3.936613464291223
8,2.213528889297392
9,3.6369030754579805
10,2.2061867946100238
11,1.6647653611635245
12,3.6587314993161737
13,1.3171397930264395
14,3.8965114658484734
