Value,Count
0,4.374202108998227
1,3.7225168747755992
2,3.4097598471063013
3,3.2677198139887547
4,3.5619600235741316
5,3.0874414208833976
6,4.341839469936158
7,4.546151998943947
8,3.9182908555750315
9,4.14374419924146
10,3.444998312874975
11,2.927825111084277
12,4.157395642910736
13,3.2246415822798906
14,4.257278326198353
