Value,Count
0,2.5381162517022404
1,1.2011636022251126
2,1.405565795944627
3,2.019018066838552
4,2.3534764497258647
5,2.1679938929310905
6,4.110728371042154
7,3.4353943668986915
8,1.8217859997915973
9,3.131692791578298
10,2.414712076004939
11,1.5957562620117962
12,2.772728186436875
13,1.7119818245009788
14,2.253187302936856
