Value,Count
0,5.533706258339353
1,5.48913031700571
2,5.486432945559275
3,5.555725223704762
4,5.481674398556519
5,5.505448836067336
6,5.447609853594986
7,5.540451978746428
8,5.482984816671546
9,5.520208208465959
10,5.525159554012488
11,5.565435116254044
12,5.494307303808131
13,5.515948163417885
14,5.439932646224403
