Value,Count
0,3.5675668938264393
1,4.055268116509026
2,4.106826358755863
3,4.268558699739759
4,3.0346367241244625
5,3.751802277976423
6,3.772498001604538
7,4.364024551792224
8,3.4547895336458403
9,4.234671792017174
10,3.7394734642539134
11,2.7231264116106186
12,1.7317059376365798
13,2.4729920257714904
14,3.9768701792360788
