Value,Count
0,5.4897088811154084
1,5.498385568582958
2,5.479094115833339
3,5.4851447212657805
4,5.4435324142160235
5,5.512369225993607
6,5.569223273578155
7,5.416831380187462
8,5.4155571632448085
9,5.549223273578155
10,5.401081289237657
11,5.466259101435946
12,5.557596133781692
13,5.466084144379206
14,5.529788943270428
