Value,Count
0,2.127557122243621
1,2.6106300014202732
2,2.5179079955415147
3,2.9059167396294976
4,1.8276565974030454
5,3.03460793790977
6,1.5343079430300117
7,4.200203724892683
8,2.238268978476462
9,2.0044680791433453
10,2.3811903844695124
11,2.2077846782681148
12,1.7627121329550246
13,1.7123702715080846
14,2.205947011242911
