Value,Count
0,3.2461699887673436
1,4.525532940875792
2,4.265512115948464
3,4.272479441986746
4,3.94844252130237
5,4.41365789262162
6,3.2786960019482083
7,2.835243599746275
8,2.5726634197061378
9,3.3238350436702606
10,1.0991283353581405
11,3.606890090314527
12,3.710649451832992
13,3.257349972346251
14,3.2967091027981064
