Value,Count
0,4.507253698552925
1,4.0413207004215455
2,4.106639811805259
3,3.793864851198331
4,4.175736894111763
5,4.153425030056186
6,4.174587509078244
7,4.154456144773521
8,3.592586313952901
9,4.020823917465539
10,3.6846158496892443
11,3.9413938207530665
12,4.120572411143917
13,3.5681554959511463
14,4.213084201770894
