Value,Count
0,5.490243584242463
1,5.418399288396253
2,5.544227241653111
3,5.468259994653558
4,5.480141866124234
5,5.53609897712591
6,5.47261464706581
7,5.526549208886664
8,5.488256410838141
9,5.475564273998858
10,5.479730249541076
11,5.548060085355737
12,5.549209553764861
13,5.560706710420641
14,5.429754392889791
