Value,Count
0,1.944452161916542
1,2.0895755815696275
2,2.121956156393267
3,1.545950354087444
4,3.2361228329370784
5,1.027172035853879
6,3.197436375575302
7,3.9094309551155892
8,2.4718779331388716
9,3.953183663282913
10,2.770239312543117
11,2.9304152081076142
12,1.783737797419413
13,1.8568326122211427
14,2.0288140735427946
