Value,Count
0,5.582208276287706
1,5.536806698980424
2,5.4995202042453775
3,5.541451458843392
4,5.5096150991471
5,5.493064053430695
6,5.507840729458026
7,5.520916755716339
8,5.50058196188711
9,5.507049361633081
10,5.453274098726395
11,5.558630164259294
12,5.541963680611369
13,5.557757083487593
14,5.536029050968771
