Value,Count
0,5.490096354349855
1,5.498630164259294
2,5.488035942007021
3,5.563598756557748
4,5.506758428786494
5,5.524247784682911
6,5.516726636825408
7,5.49809546113224
8,5.513741634115857
9,5.480128971706809
10,5.435679711930378
11,5.466663533884773
12,5.508144556722038
13,5.497609853594985
14,5.471999056387872
