Value,Count
0,1.4055657959446266
1,1.9051241374822774
2,3.350156035692158
3,3.846151821436664
4,2.7519291812152087
5,2.229961288366387
6,1.4591129305771726
7,3.8711735861568246
8,3.4481938769387233
9,1.4621993638674067
10,2.6056088924265883
11,4.358322464441237
12,3.7242144041124647
13,2.1260670543430367
14,4.35847206077319
