Value,Count
0,5.563835416084167
1,5.491045913461154
2,5.479258649354658
3,5.523693363921928
4,5.539579723370595
5,5.502774771375845
6,5.484692018623025
7,5.524740288816954
8,5.419335127694261
9,5.537062256050507
10,5.483982645976776
11,5.501986161970446
12,5.475934443604595
13,5.50482117636784
14,5.504178146063314
