Value,Count
0,3.8679460171896887
1,3.6012130824819932
2,2.911622601423953
3,3.338925452596891
4,3.659036927979459
5,4.0535099107134265
6,2.9777518200494533
7,4.430575632655329
8,3.7287963554836825
9,2.9736829818945583
10,3.867052817927186
11,4.053815295756928
12,4.476829077874062
13,4.107454338451512
14,4.091094104634783
