Value,Count
0,5.462369225993607
1,5.548839384159124
2,5.4584519109246825
3,5.545773493898689
4,5.565934443604593
5,5.555982713798522
6,5.489080396020046
7,5.469759688941807
8,5.481905274419561
9,5.501999056387872
10,5.546736772823284
11,5.446845925396624
12,5.513367880694705
13,5.470257304055757
14,5.461416083066889
