Value,Count
0,3.1826307685070137
1,2.6040598704659366
2,3.113859612366635
3,2.6605450572775995
4,2.2585888802441367
5,4.293466305573039
6,2.832177212848359
7,4.305816576259121
8,2.730044532954382
9,2.9255155420136787
10,2.9891097577395223
11,3.1701807715261623
12,3.404320578803396
13,2.373332661881887
14,3.6194083772508616
