Value,Count
0,2.0508149968444074
1,1.3710432856281087
2,1.7525891544061583
3,2.052725501415362
4,1.7527121329550253
5,3.9358912446716157
6,1.7218709441575353
7,3.2101058510733016
8,1.844914917582445
9,1.7326242561459997
10,2.2486962779602564
11,2.248391789700957
12,2.681107960345156
13,0.9612508404404545
14,3.090913138893918
