Value,Count
0,1.7145347728380265
1,1.1554458608479194
2,2.907528644895095
3,1.7596079476393438
4,2.0260233086230293
5,4.028597388861739
6,1.6399363501453066
7,3.845832305427909
8,1.64843871311147
9,1.8554142449329944
10,2.6867140095353097
11,3.089278182431952
12,2.589700228764873
13,2.1123625526941803
14,3.5937902124667342
