Value,Count
0,3.417458585225423
1,3.5597791005211383
2,3.150056319694172
3,3.5572837028555857
4,3.785700804635382
5,3.707147937958597
6,4.352873139495933
7,4.3424109232918084
8,2.9095297659046175
9,3.5817310000101954
10,3.693491177840426
11,4.538702464138597
12,3.928211208496462
13,3.761353070746493
14,2.870495478779879
