Value,Count
0,2.0382841741657893
1,1.146494539504013
2,1.5549904013323834
3,1.8422753123344229
4,2.3843727285381684
5,3.010476145964918
6,2.4311684814723247
7,3.8464611150579255
8,1.5025972606372728
9,2.099906797749749
10,1.9465331172891722
11,3.9726122422869743
12,1.2242565203595417
13,2.5392902722824346
14,1.795533427539125
