Value,Count
0,5.466318333023621
1,5.556353708800126
2,5.537757083487593
3,5.457935336822206
4,5.499303335733171
5,5.431437451492555
6,5.48854651828886
7,5.448672075714758
8,5.550288270620976
9,5.398734353259524
10,5.496304613210327
11,5.489188723197518
12,5.515738943518055
13,5.4740817239971005
14,5.473193211175509
