Value,Count
0,5.479324991696381
1,5.500337366210773
2,5.548978677901818
3,5.48698136849962
4,5.405159554012488
5,5.455469666634677
6,5.519454149441197
7,5.523242306765307
8,5.509174177988357
9,5.511452284239262
10,5.527016744276125
11,5.452369225993607
12,5.5099216848306565
13,5.536223725659442
14,5.610011882983553
