Value,Count
0,4.408946440885635
1,4.3612523352224875
2,4.285516385772544
3,2.567974337883239
4,3.915680861027307
5,4.09411196992727
6,3.483731277330894
7,4.1303969724403995
8,3.2466281996163224
9,3.648224406073242
10,3.7328596219329695
11,4.102401316020247
12,4.063133881780702
13,3.195238437895164
14,3.7934137203799088
