Value,Count
0,2.1020307166580867
1,4.034813279831083
2,1.7212596626777583
3,1.5677301658610885
4,4.145599131458516
5,3.3377727195240725
6,2.2695754267958588
7,2.7227213803283257
8,1.4283821873516402
9,0.8474139655672
10,1.482249994299168
11,4.430310414928896
12,1.198789753583827
13,1.667526506102731
14,1.3848177231389258
