Value,Count
0,1.9557035269878444
1,3.680223835903049
2,2.317882420708158
3,1.2522776948577325
4,3.907457268246376
5,4.0400008007940285
6,2.4239487519586977
7,3.068559793058087
8,1.7139336221287955
9,1.4722726028059194
10,2.0188003726210546
11,4.3721106872854065
12,1.3271397930264393
13,1.5142106806204425
14,1.788165784147202
