Value,Count
0,1.1354458608479192
1,3.6962415506429687
2,1.2809142305372565
3,1.8714143353965684
4,3.7517549820663545
5,2.821015591470981
6,1.869096219487361
7,1.9778649089702585
8,1.25137930696914
9,1.7035364631547387
10,1.4208683065655792
11,3.213481503924189
12,1.455024586735143
13,1.1978256916854941
14,1.6025653653020275
