Value,Count
0,1.0884953483863309
1,3.969926075174661
2,1.5746476620030803
3,2.656016276414933
4,3.109994179008458
5,2.068047059247438
6,1.0870017065035915
7,2.304617352190139
8,1.573951899530166
9,1.228789753583827
10,1.4394194128865745
11,1.9646773417229912
12,1.4848391657158062
13,1.5187648388432002
14,0.9857819278630856
