Value,Count
0,5.496192759094224
1,5.433113149020492
2,5.507806179077392
3,5.477062256050505
4,5.484544788730416
5,5.559048604058957
6,5.575145008803326
7,5.399419599060561
8,5.592868553344157
9,5.417365257918649
10,5.466063601349407
11,5.566144488900292
12,5.482030848348961
13,5.390756631406306
14,5.512962335312468
