Value,Count
0,4.147842441694623
1,4.59032175854485
2,4.781838106681968
3,5.0182823735471995
4,5.008811577974695
5,5.029844647919467
6,4.961322301098578
7,4.946741278291718
8,5.110033959295905
9,4.776373262523755
10,4.610917581112206
11,5.060969435121552
12,5.078518022605643
13,4.708924680921291
14,4.738141420881158
