Value,Count
0,5.502708429034123
1,5.523693363921926
2,5.458514726327772
3,5.538465630737976
4,5.473309474502897
5,5.5855505541855655
6,5.532356331576182
7,5.488060085355737
8,5.520693816003216
9,5.4796641947368965
10,5.559757976705208
11,5.412463833357784
12,5.495934443604592
13,5.533707083735221
14,5.50930333573317
