Value,Count
0,4.519859407285889
1,3.7243707441262512
2,4.619861004398912
3,4.929996213643077
4,4.249079718738192
5,4.929031357307028
6,4.84553587457279
7,4.585493874302365
8,4.3225664951935245
9,3.885992396560017
10,4.890822686210483
11,4.92781829834591
12,4.627087859717536
13,4.72679434242132
14,3.555623505586529
