Value,Count
0,4.328788950280751
1,4.149417268014404
2,5.079988565030703
3,5.27685708444413
4,4.556994038951655
5,4.9732048056159
6,4.254974174379712
7,4.941802966224533
8,4.97537367061643
9,4.918871176120213
10,4.337150921582815
11,5.110869340424966
12,5.077877529933585
13,4.428515374515256
14,4.361140681262325
