Value,Count
0,5.5466920864447715
1,5.583751770113736
2,5.519967196605039
3,5.528500181118611
4,5.524031741566573
5,5.428898615746801
6,5.488305506427942
7,5.480965851306137
8,5.53046652395559
9,5.535819005673073
10,5.444240961466405
11,5.527453256223583
12,5.5370512946567585
13,5.531531520998411
14,5.441000401686773
