Value,Count
0,4.250908476976764
1,4.5035910967474715
2,4.973493607758035
3,4.21251562701704
4,4.3739200478874585
5,4.615352352556258
6,4.819563083585196
7,4.927535536535344
8,4.59188737921226
9,4.700625894278523
10,4.642846886183041
11,4.111213418725689
12,4.308013458676427
13,4.601954546949852
14,4.506797106146466
