Value,Count
0,4.217643522666009
1,4.742859780600468
2,5.352108135580928
3,4.8597052304538195
4,5.023392007539919
5,4.971491002303824
6,4.632219685655985
7,5.069830152957267
8,4.472891860099099
9,4.697607028329264
10,4.383533349941051
11,4.978211724459628
12,4.979506904781223
13,4.444202058751265
14,4.153599836104874
