Value,Count
0,4.266532623620302
1,4.880098072456156
2,5.056345822897168
3,4.656429235003587
4,4.333874980284871
5,5.066750542883538
6,4.801982811972306
7,5.094404382054311
8,4.877151980664049
9,4.718896666219617
10,4.546374863068527
11,5.143792979800575
12,4.9669709449641966
13,4.1778228706339
14,3.6364560138442266
