Value,Count
0,4.357836592276029
1,4.057194229091646
2,5.0574150265037305
3,4.840841102772605
4,4.565248377713287
5,5.102100199431011
6,5.122984816671544
7,4.957358425640834
8,4.946836276891573
9,4.915431619962593
10,4.986487971316558
11,4.988656726271537
12,4.3128675025931225
13,5.060279543887477
14,4.036906623910818
