Value,Count
0,5.571290509137491
1,5.495840661636281
2,5.459136314826347
3,5.54082297374803
4,5.496785868413082
5,5.520221928279254
6,5.506936682121107
7,5.447806179077391
8,5.512673053257617
9,5.436469146731646
10,5.4962728212492395
11,5.516839316337381
12,5.480532866297312
13,5.464495693140619
14,5.55129050913749
