Value,Count
0,0.0
1,0.0
2,0.0
3,1.5126552747938935
4,0.0
5,0.0
6,0.0
7,0.0
8,0.9997736770688037
9,0.0
10,0.0
11,0.0
12,0.9912540071703689
13,0.0
14,0.0
