Value,Count
0,5.46572522370476
1,5.547948231239631
2,5.531126801012041
3,5.51803594200702
4,5.4873273947566386
5,5.56769074114587
6,5.49859478848279
7,5.509094115833339
8,5.541336020911872
9,5.547677021332577
10,5.455630616340581
11,5.536223725659442
12,5.507806179077391
13,5.459196371809892
14,5.520546586110606
