Value,Count
0,0.0
1,0.0
2,0.7118146702143195
3,0.0
4,0.0
5,0.0
6,0.0
7,0.0
8,1.4919593232060553
9,0.0
10,0.0
11,0.0
12,0.0
13,0.0
14,0.0
