Value,Count
0,0.0
1,0.0
2,0.0
3,0.08079313589591118
4,0.0
5,0.0454146923337941
6,0.0
7,1.5577338695582186
8,0.3799882238641764
9,0.0
10,0.24229218908241482
11,0.0
12,0.9314763567502713
13,0.0
14,0.0
