Value,Count
0,0.0
1,0.0
2,0.0
3,0.0
4,0.0
5,0.0
6,0.0
7,0.9790514648094594
8,0.0
9,0.0
10,0.0
11,0.0
12,0.48464773973144537
13,0.0
14,0.0
