Value,Count
0,5.564017196357412
1,5.478239164086215
2,5.513019367052181
3,5.415724398308892
4,5.484401911172309
5,5.492229644713371
6,5.550546586110606
7,5.4781763486831245
8,5.484784975195469
9,5.5341118037215935
10,5.493158660794874
11,5.487886241232409
12,5.511936240984782
13,5.5697571513093385
14,5.524806631158679
