Value,Count
0,0.0
1,1.4815237281322253
2,0.0
3,0.0
4,1.2748677412841618
5,0.0
6,0.0
7,0.0
8,0.0
9,0.0
10,0.0
11,2.2601422199769123
12,0.0
13,0.0
14,1.9780651652789736
