Value,Count
0,5.425145834199193
1,5.444191865876609
2,5.510742086197145
3,5.475421108903207
4,5.470385636404702
5,5.492774771375844
6,5.538562996521701
7,5.44880483377849
8,5.5112551333609865
9,5.4837726006810765
10,5.483915478239184
11,5.444133172147256
12,5.432173725907067
13,5.458675676033676
14,5.4541926912724765
