Value,Count
0,5.554611131072141
1,5.488353776621871
2,5.4949840590974235
3,5.510047258760057
4,5.487306851726842
5,5.485417044106248
6,5.563982645976777
7,5.468224618877056
8,5.515854381449574
9,5.449627993564526
10,5.513242306765307
11,5.493577925990406
12,5.5011613513926765
13,5.516143663504424
14,5.470128146310941
