Value,Count
0,5.5511259756161735
1,5.475029570871805
2,5.476678366631477
3,5.548549276708408
4,5.5441118037215915
5,5.4366567106682675
6,5.526259101435946
7,5.526063601349408
8,5.567596133781691
9,5.564530243521255
10,5.562160006093777
11,5.521950786193943
12,5.498853103972418
13,5.47030199043427
14,5.48141608306689
