Value,Count
0,5.5167858684130815
1,5.534936614299362
2,5.535274166548141
3,5.541999056387873
4,5.489478005252368
5,5.557770803300887
6,5.479744256891912
7,5.521950786193944
8,5.481891267068724
9,5.545644336153874
10,5.491370571292507
11,5.5251905205777065
12,5.539049429454826
13,5.55909411583334
14,5.559886309054154
