Value,Count
0,0.0
1,0.8984888058020472
2,0.0
3,0.0
4,0.5052482226498788
5,0.7691928290130138
6,0.9938184901949358
7,0.0
8,0.0
9,0.0
10,0.6251723494319719
11,0.0
12,0.0
13,0.0
14,0.0
