Value,Count
0,5.407293957309414
1,5.581915410417439
2,5.54001270837942
3,5.491452284239262
4,5.519593443183889
5,5.526692086444772
6,5.507784523114182
7,5.523916303635053
8,5.4921144943193925
9,5.495888931830211
10,5.517062256050506
11,5.523706258339352
12,5.419488412284288
13,5.523242306765308
14,5.502694709220828
