Value,Count
0,5.561660678743226
1,5.465529723618221
2,5.526933098305691
3,5.5175297914399675
4,5.518479350551268
5,5.568919446314143
6,5.517351538105354
7,5.524949508716786
8,5.51501667645438
9,5.507850865455905
10,5.527516071626674
11,5.522208276287703
12,5.51260010185665
13,5.538550102104276
14,5.493287818539688
