Value,Count
0,1.6640246970982826
1,0.0
2,0.11236071009937676
3,1.8293753957751064
4,0.0
5,0.0454146923337941
6,0.1261351476101941
7,0.08079313589591118
8,0.41955649623854696
9,2.2299244678825105
10,0.0
11,0.29851775157159743
12,1.831613506196195
13,1.0501993068763062
14,2.51080769724785
