Value,Count
0,1.191672586956968
1,0.0
2,0.0
3,1.8256118171817541
4,0.0
5,0.0
6,0.0
7,0.0
8,0.0
9,0.0
10,0.0
11,0.0
12,0.0
13,0.0
14,1.7737013354407074
