Value,Count
0,1.391919654589975
1,0.0
2,0.0
3,1.7809782443560698
4,0.0
5,0.0
6,0.0
7,0.0
8,0.0
9,0.0
10,0.0
11,0.0
12,0.0
13,0.0
14,1.7962137301217465
