Value,Count
0,5.5170622560505045
1,5.476157383317718
2,5.597934511426337
3,5.569886309054154
4,5.516608440474338
5,5.539708881115411
6,5.48892027171001
7,5.591499729037323
8,5.570047258760057
9,5.576853036150674
10,5.534806631158679
11,5.465689847928256
12,5.513916303635053
13,5.527953408970001
14,5.4669330983056925
