Value,Count
0,0.8043531366409651
1,1.700399412218037
2,1.4931842020179704
3,0.8414646362081757
4,0.14144054254182067
5,1.3816308873551826
6,1.8811195926884157
7,0.7263020918132636
8,2.6001168318391676
9,2.1587065273695294
10,0.0
11,0.0
12,0.0
13,0.0
14,0.0
