Value,Count
0,1.1924417442814614
1,0.0
2,0.0
3,1.7195784837615382
4,0.0
5,0.0
6,0.0
7,0.0
8,0.0
9,0.0
10,0.0
11,0.0
12,0.0
13,0.0
14,1.7523151111688495
