Value,Count
0,0.0
1,0.0
2,1.116380735562731
3,0.0
4,0.0
5,0.0
6,0.0
7,0.0
8,1.2153990454127788
9,0.0
10,0.0
11,0.0
12,0.0
13,0.0
14,0.0
