Value,Count
0,5.526562928699956
1,5.465774319294558
2,5.470836693561322
3,5.487096806431142
4,5.5136133017669104
5,5.518259994653557
6,5.532693883824959
7,5.448501006514479
8,5.5122400682487935
9,5.5398698308213135
10,5.4753196783225215
11,5.523193211175508
12,5.506063601349407
13,5.543402431075342
14,5.52920955376486
