Value,Count
0,0.48217919020227284
1,0.11236071009937676
2,0.26403476681039867
3,1.1776442564967113
4,0.3675370988858111
5,0.16866093149667025
6,1.8517536333090143
7,0.3448904738209071
8,0.0
9,0.08079313589591118
10,1.0834193349601375
11,2.0339191557245537
12,0.838208099322214
13,0.5319326150482075
14,0.6690759446876037
