Value,Count
0,5.509788943270427
1,5.537351538105356
2,5.478723946227604
3,5.507225964175956
4,5.549209553764861
5,5.511949960798074
6,5.470707535816508
7,5.507791633868229
8,5.531754460711538
9,5.535948163417887
10,5.522086767155263
11,5.488594788482788
12,5.45126885317428
13,5.529268785352536
14,5.5428685533441575
