Value,Count
0,5.516562928699956
1,5.526352883404256
2,5.560756631406307
3,5.494645681452776
4,5.522773945979978
5,5.494307303808129
6,5.47959344318389
7,5.5545302435212545
8,5.491322301098579
9,5.498420118963594
10,5.444949508716785
11,5.509097699648755
12,5.506029050968771
13,5.4449708771424525
14,5.563286993143821
