Value,Count
0,5.532997711088971
1,5.590626648265625
2,5.538046365542443
3,5.481140520825334
4,5.558175523287257
5,5.5646911932271585
6,5.474531068917123
7,5.509236993391447
8,5.568210899063763
9,5.512673053257618
10,5.46174156629411
11,5.460533691693181
12,5.495550554185565
13,5.52669208644477
14,5.497177693982026
