Value,Count
0,5.487837971038479
1,5.463483318626226
2,5.54560978577324
3,5.481532346394278
4,5.357366083314514
5,5.558919446314144
6,5.517062256050506
7,5.547400633695153
8,5.521883618456351
9,5.500141866124235
10,5.4753413342857336
11,5.456185862497432
12,5.492592991102601
13,5.547725291526505
14,5.472382945806899
