Value,Count
0,0.0
1,0.8146427440763966
2,0.4317436680071673
3,0.6712043417699942
4,1.2771769616264554
5,0.6095963515205142
6,0.8345996771150233
7,0.1261351476101941
8,0.4812024118346157
9,0.4864622560656548
10,2.228324311010094
11,0.08079313589591118
12,1.3883679362448997
13,1.1406039872713654
14,0.0
