Value,Count
0,3.038120256092839
1,2.5865810216479366
2,2.2416071076071993
3,2.3475614264698135
4,2.705041280567549
5,2.64845468975113
6,2.455443289571755
7,1.6089762972330355
8,1.8089446428279308
9,2.2235293483957577
10,2.674744661856636
11,2.3203205302166157
12,2.3412661785994224
13,2.4802561283104763
14,1.6586745527432873
