Value,Count
0,5.526562928699955
1,5.563563380781245
2,5.4840317415665725
3,5.514984884493291
4,5.48137821990488
5,5.551869898643057
6,5.438679259849091
7,5.470822973748031
8,5.466029050968772
9,5.4731131490204925
10,5.544380255209098
11,5.406692086444772
12,5.480173658085323
13,5.467062256050507
14,5.452484663925128
