Value,Count
0,1.3426480587257932
1,0.0
2,0.0
3,0.0
4,0.6072782294705557
5,0.0
6,0.0
7,0.0
8,0.0
9,0.8687212463394045
10,0.0
11,1.116213798240195
12,0.0
13,0.0
14,0.0
