Value,Count
0,5.541660678743225
1,5.532044568162255
2,5.442369225993608
3,5.526259926831812
4,5.5629839912756776
5,5.52288227315745
6,5.525644336153873
7,5.477063081446374
8,5.486272821249238
9,5.503483318626226
10,5.49970888111541
11,5.5192896159198765
12,5.492774771375845
13,5.525131001452488
14,5.5173515381053555
