Value,Count
0,2.4234120662846834
1,0.28741165900058474
2,1.107018664142177
3,1.6781369177404812
4,0.5467733814825897
5,0.0
6,0.32744491915447627
7,1.4861055069388445
8,2.204334407769739
9,1.907890691286981
10,0.4935539012863186
11,0.9941126726905315
12,1.2653796654270728
13,0.23194073285321087
14,0.5431404896491383
