Value,Count
0,1.385655044666593
1,2.8904659649583
2,3.22676546201371
3,2.1886358981567677
4,2.778311906416393
5,2.0314869329657936
6,3.0285901756776443
7,2.726145366104825
8,2.2982518134034464
9,2.2859794159706683
10,2.4235972416550084
11,3.2461872036081045
12,2.8237217356611044
13,3.3023788464005777
14,3.3285935267421487
