Value,Count
0,0.41734074540098604
1,0.0
2,0.19439185783157623
3,1.941225792825517
4,1.2303602979737494
5,1.9192151157407786
6,0.3072683598607598
7,0.8146427440763966
8,0.3976390275245989
9,0.0
10,0.9975470472696789
11,0.0
12,0.0
13,0.661399841856533
14,0.0
