Value,Count
0,5.50012814631094
1,5.49153152099841
2,5.52788624123241
3,5.4504983159166756
4,5.5438672080452545
5,5.483577100594538
6,5.451971329223741
7,5.558340056808578
8,5.457806179077392
9,5.4695692998351735
10,5.5335987565577485
11,5.46619275909422
12,5.455874924479373
13,5.510903035903047
14,5.4783260494577375
