Value,Count
0,0.0
1,0.0
2,0.5913857485740052
3,0.4048632447148802
4,1.2558109345100912
5,0.0
6,1.9392563834634502
7,0.9220773161057104
8,0.4689955935892812
9,1.2871070960861382
10,1.1406590565406112
11,1.5983192522024394
12,0.8101530607584442
13,1.8450844498467247
14,0.5081360136664042
