Value,Count
0,5.483078598639857
1,5.499547931409507
2,5.5329039291206605
3,5.422948615499172
4,5.505435116254043
5,5.46741076969303
6,5.557942160038711
7,5.527422289658362
8,5.469967196605038
9,5.5614997290373225
10,5.466936682121107
11,5.553740808719987
12,5.596191933698355
13,5.519803488479589
14,5.517872521419115
