Value,Count
0,0.0
1,0.0
2,0.0
3,0.0
4,0.0
5,0.0
6,0.0
7,0.0
8,1.2219095344597373
9,1.0384149670533367
10,0.0
11,1.3751861736727053
12,0.0
13,0.0
14,0.0
