Value,Count
0,5.538305506427941
1,5.520274550807683
2,5.486433770955141
3,5.535145008803325
4,5.441244997363108
5,5.492425144799909
6,5.454401085776437
7,5.563126868833787
8,5.5490941158333404
9,5.517561583401054
10,5.4541677225278935
11,5.442195381870279
12,5.5011613513926765
13,5.527630684162327
14,5.5206757438554215
