Value,Count
0,5.542289163838589
1,5.4941918658766085
2,5.425773493898688
3,5.444660226661938
4,5.498514726327772
5,5.558654020070465
6,5.457118174856807
7,5.480755806010438
8,5.482289163838589
9,5.461081289237659
10,5.519150034639641
11,5.446933098305691
12,5.550675743855421
13,5.512404601770113
14,5.550127320915075
