Value,Count
0,2.293295700633858
1,1.9122253568415921
2,2.928529103808497
3,2.879289354749146
4,1.8597770800224849
5,1.2121309560487292
6,1.9494158253091367
7,1.8739748712886057
8,2.38877701749295
9,2.2782230488557813
10,1.5668033578925207
11,2.5691181777603793
12,2.659095806998351
13,1.6503153834684554
14,2.7636698162677034
