Value,Count
0,5.466678366631477
1,5.560127320915074
2,5.522334675612971
3,5.54695364133549
4,5.446772973995656
5,5.45319321117551
6,5.468884895933506
7,5.515631441736449
8,5.516618847506258
9,5.472030848348962
10,5.493532414216025
11,5.476179039280928
12,5.516772148599788
13,5.556549208886664
14,5.472694709220828
