Value,Count
0,3.2036994712863627
1,3.788407886031733
2,2.4482626319561427
3,2.5623166592249413
4,3.071171520004428
5,3.491105145048827
6,4.6349184011181315
7,4.07879088330443
8,2.95422176649034
9,2.498133474211328
10,3.1591010485936426
11,3.3523685430806553
12,3.18150282630104
13,2.872650681093788
14,3.9452624808839696
