Value,Count
0,5.495355054099025
1,5.488745602190814
2,5.4868522107548054
3,5.539802663083721
4,5.481580616588207
5,5.518175523287257
6,5.513950854015688
7,5.511660678743226
8,5.504995020491168
9,5.575015851058511
10,5.511335195516005
11,5.452662091863872
12,5.529035709641532
13,5.5300790507211435
14,5.4940901477583814
