Value,Count
0,2.688352029636196
1,2.476768623681156
2,3.653927397967873
3,3.502752056817226
4,4.164206245682698
5,3.6702597802433563
6,4.080786890874702
7,3.358518971221737
8,3.0242786091107585
9,3.41930691365628
10,3.417889063209462
11,2.7361516980002376
12,3.6358571088124543
13,2.502536396817509
14,1.9975373866768504
