Value,Count
0,5.437293131913548
1,5.523354160881413
2,5.491465178656687
3,5.448393217195329
4,5.403169067826793
5,5.496779797212162
6,5.494611131072141
7,5.424551611946922
8,5.477770803300886
9,5.457711284175668
10,5.498001679163928
11,5.586611198893887
12,5.55925782395879
13,5.535145008803326
14,5.556084144379207
