Value,Count
0,5.474691193227159
1,5.532934895685882
2,5.4254485485297925
3,5.5609521314928445
4,5.5499671966050395
5,5.468745314653271
6,5.575172448429913
7,5.490355438358567
8,5.503483318626226
9,5.479729424145207
10,5.458479350551269
11,5.563242306765308
12,5.506031809388319
13,5.543901758425891
14,5.610787597971527
