Value,Count
0,2.7071441550352646
1,2.406891809975002
2,3.6860930803049174
3,2.9559565567336166
4,4.696827322832696
5,2.798413697482321
6,2.9871689279179416
7,4.526294313302147
8,3.9477631738367727
9,4.259556450024692
10,3.062730818183254
11,3.7869405327608003
12,3.150044776680148
13,2.7416923016710024
14,2.798157508016242
