Value,Count
0,2.6307105626898055
1,2.728134732672391
2,2.856654836801711
3,2.754088273891824
4,3.136077100678667
5,3.1825895347171715
6,4.908419752405752
7,2.677089163965296
8,3.698208895395554
9,3.1757845827224216
10,3.1802339115930387
11,3.617006608278243
12,3.6336331069190826
13,3.2736990618277075
14,3.076309755607533
