Value,Count
0,5.463193211175509
1,5.530141040728367
2,5.529048604058958
3,5.48738691388186
4,5.5037416341158565
5,5.523367880694706
6,5.53241473776799
7,5.494308129203999
8,5.54378632049437
9,5.503447942849723
10,5.538189243100552
11,5.485355054099027
12,5.535145008803326
13,5.493741634115856
14,5.545225896354212
