Value,Count
0,2.632163032967073
1,3.4394639791056654
2,2.2301320633427775
3,3.74531062187177
4,2.981323246358035
5,3.244061042133915
6,4.52094824363638
7,3.8823731492069316
8,3.975153658009989
9,3.3769328107681433
10,3.217953855814953
11,2.478054946267407
12,3.2712724941286493
13,2.6867990565145785
14,3.143113291503409
