Value,Count
0,5.534227241653112
1,5.471472827269061
2,5.481242238943562
3,5.539628818960392
4,5.472742979414757
5,5.476772148599789
6,5.425724398308892
7,5.552058287975549
8,5.435043290685098
9,5.502708429034119
10,5.559254240143375
11,5.491740740898243
12,5.528616156908456
13,5.477547863587763
14,5.5307420861971455
