Value,Count
0,5.5053333981358135
1,5.495435116254043
2,5.504146354102227
3,5.448779865033907
4,5.539432493477986
5,5.4978862412324085
6,5.499967196605039
7,5.448479350551268
8,5.481451458843394
9,5.446179039280929
10,5.4377776265173905
11,5.529352431322969
12,5.48730685172684
13,5.540721255629802
14,5.4872714759503385
