Value,Count
0,5.536853036150673
1,5.551708948937155
2,5.557886241232409
3,5.503064053430695
4,5.459210379160727
5,5.511566896774916
6,5.5136124763710415
7,5.483403256471211
8,5.4897088811154084
9,5.461370571292508
10,5.505274166548141
11,5.49470491304045
12,5.467466976036875
13,5.505449661463205
14,5.5270968064311425
