Value,Count
0,5.585015851058511
1,5.5508366935613225
2,5.581949960798075
3,5.459210379160728
4,5.511220582980353
5,5.525631441736451
6,5.610835868165456
7,5.496158208713587
8,5.487850865455905
9,5.490581961887109
10,5.50401802175328
11,5.52369253852606
12,5.538811656994994
13,5.5151450088033265
14,5.540836693561324
