Value,Count
0,5.572498383738421
1,5.529535036992083
2,5.571740740898245
3,5.490731662661721
4,5.472659333444326
5,5.524949508716788
6,5.483867208045256
7,5.434611131072139
8,5.50212545571314
9,5.513033086865476
10,5.517918033193496
11,5.4478371456426125
12,5.521451458843393
13,5.502919361170552
14,5.553367880694706
