Value,Count
0,3.14717579542157
1,3.1779069033213663
2,2.828997750643904
3,2.899212260737127
4,3.1848044109005027
5,3.7224486078942034
6,2.9766634791195097
7,3.6981821277572986
8,3.152213652974875
9,2.4834497796794643
10,3.212003459706851
11,3.543455104588249
12,3.447084849838924
13,2.5186222838691417
14,2.3847838230204936
