Value,Count
0,4.48790739550081
1,4.894313322790574
2,5.1895210296412415
3,4.994181228065391
4,5.164205821008968
5,5.049100724892582
6,4.646400865964929
7,5.139115484259004
8,4.551002087290793
9,4.709450334965016
10,5.121275597370487
11,4.180316248105884
12,4.032001090536995
13,4.814659821615211
14,4.760488717777121
