Value,Count
0,5.504321023621424
1,5.507177693982027
2,5.481001227082642
3,5.525435116254043
4,5.523692538526059
5,5.509223273578153
6,5.578710226414312
7,5.521820803053259
8,5.463889689404334
9,5.403936846664852
10,5.544321023621424
11,5.514901238522859
12,5.531580616588208
13,5.544321023621422
14,5.483416976284502
