Value,Count
0,4.014714556858882
1,4.99682970062239
2,4.8298370495540555
3,4.288306308792278
4,4.106679446178603
5,4.879844647919468
6,4.877435184075788
7,4.908407791911176
8,4.157958851595219
9,4.8937610990245295
10,4.404952804994656
11,4.756408321229016
12,4.705788646074378
13,4.944064477245172
14,3.5843516838532343
