Value,Count
0,4.325560690183439
1,5.139069972484622
2,4.894644777036608
3,4.716325171542543
4,5.088336529869942
5,4.577409107703391
6,4.49758853078568
7,4.8618251097991045
8,4.5214798341950075
9,4.871782135657191
10,5.14676854828087
11,3.4959062295666126
12,4.389246965479023
13,4.947961958495115
14,4.239606039720365
