Value,Count
0,4.3490213862146945
1,4.722660950157122
2,5.142318180876628
3,4.499379256237641
4,3.8137031202259775
5,4.659880630662499
6,4.390649955020567
7,5.156164415051468
8,4.493187036146488
9,4.912295772897833
10,4.846936425230746
11,4.797204846071068
12,4.316762263882078
13,4.244243933209621
14,4.120905070052171
