Value,Count
0,4.813442416018409
1,4.3993377233436775
2,4.263231271157686
3,4.851832035481048
4,5.041487778337409
5,5.2690494294548245
6,4.633304959647869
7,4.83367853117522
8,4.0034060148907535
9,5.177286021159498
10,4.532955454018096
11,4.821757542713613
12,4.149668603948176
13,4.554466427614094
14,4.987090447692675
