Value,Count
0,5.067623421007696
1,4.865127474513851
2,4.387687662181771
3,4.425485147568868
4,4.994733498271975
5,4.938390154734734
6,4.831778796073995
7,5.038564647313436
8,5.092968456760349
9,4.988963968782357
10,4.779310984345543
11,4.900980396515297
12,4.915750221956029
13,4.620403477891732
14,4.652206978186471
