Value,Count
0,4.365976429580509
1,5.024226416257243
2,4.986793517025454
3,4.356550859678396
4,5.005926742773743
5,4.800389628692647
6,4.7504408106376115
7,5.009352969181291
8,4.237323810941222
9,5.0280291494377005
10,4.938744292727924
11,4.406107236976887
12,4.506442030806119
13,4.959222210891701
14,3.7616473586932875
