Value,Count
0,4.661284520543239
1,4.940640905937239
2,5.189006869543989
3,4.105132446031212
4,4.5598451857777915
5,4.72709381735083
6,4.014047695930675
7,5.123884511673964
8,4.502411137449069
9,5.017752781400052
10,4.742937113842625
11,4.345131478720444
12,4.786405347892091
13,4.9155536361876395
14,4.049502419635123
