Value,Count
0,4.776899690365152
1,4.6562588138984
2,4.557134627817671
3,4.082553865811843
4,4.664945981778151
5,4.956319158419489
6,5.015784438788932
7,5.004458840446586
8,4.989246655849975
9,4.2789361378706525
10,4.716942803568987
11,4.720798616242051
12,4.656296665862507
13,3.9472444360871064
14,4.248254914566514
