Value,Count
0,4.267781945002644
1,4.9960860827084845
2,4.639918689120525
3,4.322543574968251
4,4.778955485712805
5,4.336108062372755
6,4.93178307270285
7,5.25068421786366
8,3.6737177974949766
9,5.009188133120718
10,5.14826224474848
11,4.889386456875476
12,3.9473164325293006
13,4.862590216179549
14,4.584739478723503
