Value,Count
0,4.675195743479126
1,5.010008676253991
2,4.901275512480485
3,4.542550237747765
4,4.970645602686067
5,4.869048366768374
6,5.10350079919543
7,4.668882828897143
8,4.79305718843871
9,5.115035692319686
10,5.139975670613278
11,4.8871714086238445
12,4.289049803402847
13,5.1744920928217
14,5.0566016675047925
