Value,Count
0,4.9311498651708
1,4.641610678737261
2,4.886390938580008
3,4.425658991692196
4,4.825012788597915
5,3.9010971207952183
6,5.087528887023802
7,5.042362435448628
8,4.2131383525417405
9,5.041684805588439
10,4.169629898507519
11,4.797149265049272
12,4.261073756975415
13,4.399496244606104
14,4.899313823587566
