Value,Count
0,5.548528446141066
1,5.511465178656687
2,5.524646506848645
3,5.467176868586159
4,5.469352431322968
5,5.545528898222353
6,5.505934443604592
7,5.443762177145655
8,5.493461662663017
9,5.511113081198746
10,5.449339536905542
11,5.49449569314062
12,5.4821874457203625
13,5.429859407285891
14,5.501661504139094
