Value,Count
0,5.043545071342865
1,4.114958366082415
2,4.755918830068966
3,4.659659945962605
4,4.7508496227910335
5,4.257785508947039
6,5.075678649243926
7,4.526197694458097
8,4.838075455960763
9,4.2602872824549785
10,5.063645123234683
11,3.801449145837815
12,4.179680103200245
13,4.206681859720863
14,4.880089243595801
