Value,Count
0,5.062132278929644
1,5.02779340298161
2,4.800462923636671
3,4.902237831184066
4,4.445458423008986
5,4.834059645671199
6,4.894956943171897
7,5.113387721955881
8,4.811115552080748
9,4.949085692072057
10,4.964290057056202
11,5.036162257007039
12,4.617836432676085
13,5.007202285305279
14,4.976242319162058
