Value,Count
0,4.96931681825588
1,4.278524472581342
2,4.923844075164514
3,4.7764933368239
4,4.960360734410582
5,4.1775326067362935
6,4.966055125369652
7,4.594865862746352
8,4.75506721081524
9,4.033077481117241
10,4.970447277310982
11,4.636488445503898
12,4.813285656245015
13,4.420426857138952
14,4.533490982541017
