Value,Count
0,5.198066206803616
1,4.88820909023143
2,4.633963090703166
3,4.311506389483698
4,4.389202688772877
5,4.815808869675192
6,5.105910485327983
7,4.930831566077913
8,4.6914878980396955
9,4.903131278045068
10,4.261324070211956
11,4.65245706038824
12,3.5765438103692095
13,4.942924257993195
14,4.344964880461986
