Value,Count
0,4.592714007993078
1,4.786367355233131
2,4.981443572940437
3,5.181905274419561
4,4.507191524124481
5,4.011091574474625
6,4.712993279734171
7,4.81961682545571
8,4.781888853063499
9,4.624428151003484
10,4.872262411039154
11,3.869383931157309
12,4.458878508656587
13,4.931513545107766
14,5.11051041975052
