Value,Count
0,5.032659571468257
1,4.604744337110408
2,5.011542465888653
3,4.40875200654564
4,4.447531443371872
5,4.010527078035554
6,4.906314806084985
7,4.893596853040754
8,4.443302474078008
9,4.858034958570558
10,4.285394178596486
11,4.602075280933386
12,4.277548561883076
13,3.890577327320659
14,4.7885989101565265
