Value,Count
0,5.516873579180472
1,5.480965851306138
2,5.484308129203997
3,5.504565619297758
4,5.500640368078916
5,5.506736772823285
6,5.44299771108897
7,5.524914132940283
8,5.5737734260769445
9,5.457320571540135
10,5.482708429034123
11,5.551869898643058
12,5.48117507120597
13,5.481116665014163
14,5.53465940126607
