Value,Count
0,4.90918642088412
1,4.976394093091096
2,5.062666577009972
3,5.138971079536405
4,5.115726049100627
5,4.846463731710691
6,5.286280182324064
7,4.619938988459364
8,4.501189160695208
9,3.7069427104652446
10,5.233497038439521
11,5.042705636535636
12,4.327801544510943
13,5.0716003690344245
14,4.186985165638703
