Value,Count
0,5.021737246631135
1,4.30620949295344
2,4.965733727219687
3,5.0280049754418
4,5.020994042948308
5,4.78692333764561
6,4.897883253541869
7,4.0630341664126
8,5.05480655213838
9,4.491876015460339
10,5.096234670549684
11,3.6506091708529307
12,3.9243429766268645
13,4.831051753241195
14,5.065470389565109
