Value,Count
0,4.597755268785557
1,5.040233345779147
2,4.598140931131144
3,5.001420316432451
4,4.930189073631713
5,4.509785864306329
6,5.110431973574951
7,3.9366527471590236
8,4.600686125615362
9,4.745222976382105
10,4.831538888584523
11,4.971812917150303
12,4.504017520058473
13,4.845384144517345
14,4.359673505338904
