Value,Count
0,4.903539848671134
1,4.769635237130171
2,4.998388070112145
3,4.261530182709834
4,4.365542649344512
5,4.7898098307145505
6,4.928214380413738
7,4.991058838525766
8,4.479648299533427
9,4.966577186371571
10,4.1761428346352485
11,4.726551627550189
12,4.451477392819692
13,4.966775732415204
14,4.393022376751897
