Value,Count
0,5.0846695875109065
1,4.37637095555205
2,4.963011461549449
3,5.051342967755622
4,4.211830446871692
5,4.937160967512988
6,4.174474521535119
7,5.094737442394912
8,4.415947175251888
9,3.639791675418028
10,4.295423108677347
11,4.737847338517269
12,4.135860379270208
13,4.604386096782777
14,4.995579706048749
