Value,Count
0,5.452418321583402
1,5.4937279143025615
2,5.512882273157451
3,5.5395479314095075
4,5.505853556053706
5,5.445529723618222
6,5.541708948937155
7,5.454240961466406
8,5.541580616588208
9,5.51278849118914
10,5.543206930988804
11,5.510092770534438
12,5.51759613378169
13,5.495438700069458
14,5.556656710668268
