Value,Count
0,4.9128883946053294
1,5.0921809694727145
2,4.819865315966284
3,5.015200848589329
4,4.987436009471653
5,4.721411678513913
6,4.704300134976214
7,4.984196858956402
8,5.07842748003842
9,4.824520284463871
10,5.049960012470703
11,5.1414824089051105
12,4.9526067109158936
13,5.17768231738459
14,4.092115573866519
