Value,Count
0,4.665455421993257
1,4.65017260202869
2,4.816892821138458
3,4.35747420578757
4,4.463867387661267
5,4.593622888708558
6,4.851870884475917
7,4.813096551818711
8,4.965084787909483
9,5.122185829740911
10,4.954905286816311
11,4.4577499727335415
12,4.88645361808602
13,4.1395652919149954
14,4.225860990508816
