Value,Count
0,4.247749631695387
1,4.544061939612706
2,4.388915919375506
3,4.4702003225630005
4,4.883438553227414
5,4.5630254217495985
6,4.807490358308696
7,5.0209498229291265
8,4.94506395734214
9,4.917045009298578
10,4.708209090231428
11,4.529789723077638
12,4.11111511534787
13,3.6414636910469764
14,4.02075938982585
