Value,Count
0,4.512318310245678
1,4.779467344426362
2,5.05784718611669
3,5.33638825918076
4,4.608959307652791
5,5.080080819834524
6,4.207822870633901
7,4.795324087533804
8,5.0193961283953135
9,4.840805564475575
10,4.254408386260903
11,4.37635745305253
12,3.575857608473352
13,4.896950401934399
14,5.090178954137335
