Value,Count
0,4.772902114418623
1,4.630523736136811
2,4.83280710200772
3,3.978884488707313
4,5.042837586778936
5,3.5995417331080333
6,4.869762048013448
7,4.9141458292741
8,5.079346281101749
9,5.004014133896815
10,4.620886614546986
11,4.805634738014319
12,4.780928238464907
13,4.9766948448643165
14,4.272758887878107
