Value,Count
0,5.072128214132685
1,4.38858840120587
2,5.1812178080573
3,3.3966600457170566
4,4.889991877812077
5,4.470647535709746
6,4.373689011587423
7,4.370019183468016
8,5.155685545840716
9,5.006351124818886
10,4.994496230998941
11,4.171342614427003
12,4.931675223952386
13,4.311867197100289
14,4.918097009458538
