Value,Count
0,4.957649300679728
1,4.385288822086461
2,5.104059181193159
3,4.835231815154549
4,5.102203703166119
5,4.721685773251645
6,4.6838990568831225
7,4.724306535289043
8,4.953517789986563
9,4.742900278459071
10,5.132131374513477
11,4.980739311274093
12,4.414516236170415
13,5.011738526848304
14,3.7479145933115694
