Value,Count
0,4.693549497057649
1,4.890050585685111
2,5.032578445893437
3,5.149880775711556
4,4.98648778624445
5,5.058369899242484
6,3.9039187798226513
7,4.8458858693696145
8,4.676214591997924
9,3.7603794381032283
10,4.615846716333698
11,4.356520656326662
12,3.498714471308275
13,5.072120950978055
14,4.864277145063342
