Value,Count
0,5.54798002320072
1,5.555435116254044
2,5.549825144442799
3,5.454660226661939
4,5.485529723618221
5,5.554484731746874
6,5.447561583401056
7,5.455948163417886
8,5.507177693982028
9,5.531661504139094
10,5.513158660794873
11,5.42548338644797
12,5.507016744276124
13,5.528140972906623
14,5.489838038860225
