Value,Count
0,4.615285404281525
1,4.6551407120213835
2,4.639499497305277
3,4.294786786424194
4,5.036657536064133
5,3.8436460736090257
6,4.206530147432699
7,4.851919819628721
8,5.058854737188719
9,3.673053024989494
10,4.808930103666841
11,5.038816112216465
12,4.663114630477792
13,4.841510057048942
14,4.645158717418714
