Value,Count
0,4.975280825854343
1,4.194490791749889
2,4.578753643612454
3,4.631875115674774
4,4.104481296045473
5,4.666766276542986
6,3.7468168764863563
7,5.205549649769397
8,4.856416556874741
9,4.492897356224932
10,4.433455053603771
11,4.441529571471228
12,4.687204549401518
13,5.258859848168626
14,5.015114867633971
