Value,Count
0,4.853367880694703
1,4.239153081591975
2,4.648890130540657
3,5.00988173593257
4,4.875112979551653
5,4.75763795043506
6,4.594270270276699
7,4.813017558219849
8,4.705689306596624
9,3.8704103130225387
10,4.805651180532188
11,4.913319379721479
12,4.866477739061528
13,5.144939085181364
14,4.581320486396543
