Value,Count
0,5.495645161549744
1,5.531577032772795
2,5.4401281463109425
3,5.53087124394196
4,5.552707603638254
5,5.4875478635877615
6,5.50748069585017
7,5.4804319735749525
8,5.521950786193944
9,5.469547931409506
10,5.482195381870277
11,5.486838490941511
12,5.510466523955589
13,5.55501585105851
14,5.50340325647121
