Value,Count
0,4.793391793382657
1,5.125257384274251
2,4.944692844018893
3,4.302754120424515
4,5.084846174619109
5,5.011427853353
6,5.030733912756643
7,4.883546164676502
8,4.69570037858742
9,4.45691860997331
10,4.968252914546694
11,5.243627021580202
12,5.077423922874663
13,4.927840204629899
14,4.71257745658727
