Value,Count
0,4.758482934366682
1,4.920141578586689
2,4.726132495395609
3,3.940886106195348
4,4.957935986372353
5,5.080407004830367
6,4.6720297767391195
7,4.740692007170884
8,4.969846512868461
9,4.701681566187348
10,4.790190084099688
11,4.972872860090002
12,4.554860970582014
13,4.804263155287937
14,4.668204059343754
