Value,Count
0,4.154005223155697
1,4.054698627682267
2,4.705579426174546
3,4.9445001023519
4,4.693137250593729
5,4.80667478281606
6,4.827502992440136
7,4.982984816671544
8,4.845114867633971
9,5.132036144400973
10,4.19441975379951
11,5.171342142359753
12,4.32318202899468
13,4.595573758475071
14,4.958246172374827
