Value,Count
0,4.569621984545982
1,4.9831355279141345
2,4.220636292084054
3,4.368046140187277
4,4.983969058975079
5,4.449772957853953
6,4.37537737728961
7,4.5075203783725195
8,4.717778451913257
9,4.892073975624807
10,4.482677016237128
11,4.9138283229579
12,4.713060682903081
13,4.415228736912159
14,3.9184081457618785
