Value,Count
0,4.6670678350094645
1,4.622741170582424
2,4.376803997437655
3,4.940525805790224
4,5.172080769334624
5,5.132195094332731
6,4.832733168507714
7,4.231220193236044
8,4.890926637920131
9,5.047653415842183
10,4.518100704965777
11,5.088745314653266
12,4.913353256465245
13,4.719841047600549
14,5.066598842334785
