Value,Count
0,4.265256015380046
1,4.07402439735242
2,4.202985703512273
3,5.14474711203346
4,4.889371047840371
5,4.164257496576025
6,4.968999928818302
7,4.258058210349009
8,4.110881815591395
9,5.067753483168675
10,4.742489778491407
11,5.122714635372003
12,4.822609854793182
13,4.464801268260489
14,4.526311945746701
