Value,Count
0,4.29277826446523
1,4.788996857173355
2,4.841310350398665
3,4.810005007548572
4,5.054939085181363
5,4.439273642538353
6,5.1343914876368855
7,4.50738723758292
8,4.272397492156231
9,4.418723227955478
10,4.382876325583772
11,5.28898632651419
12,5.1040593163301216
13,4.724336394226451
14,4.533820329543374
