Value,Count
0,4.209023184825918
1,4.8849637663884025
2,4.949612464918899
3,4.458374664065991
4,5.036318383270579
5,4.54642968965468
6,4.966931518922724
7,4.1205391343184
8,4.179949215694478
9,4.961142222428133
10,4.924151127201918
11,4.900352736815801
12,5.175448836067336
13,4.6371354837911145
14,3.7548787986718337
