Value,Count
0,5.472774771375847
1,5.540546586110606
2,5.433078598639855
3,5.474481973327326
4,5.484597411258847
5,5.513033086865476
6,5.572578445893439
7,5.539712464930825
8,5.529000333865028
9,5.392578445893439
10,5.445449661463203
11,5.527003024462831
12,5.510176416504871
13,5.449535036992081
14,5.466157383317717
