Value,Count
0,4.458974386861683
1,4.892690821364364
2,4.406231883591683
3,3.866382060879286
4,4.7934375193143
5,4.3609030359030445
6,4.93956049972139
7,4.886737310681607
8,4.742140944639812
9,4.297813346708219
10,4.614372877630766
11,5.150334591287723
12,5.099300560810121
13,4.950473268151794
14,4.580722081025668
