Value,Count
0,4.037109669791898
1,4.8540141338968175
2,4.544689613844191
3,4.567844580097722
4,5.035967684522339
5,4.584094774713298
6,5.031174008519518
7,4.506439212028859
8,4.778042869250992
9,4.8408118056392135
10,4.995746592130425
11,5.219433318873853
12,4.883888864008464
13,4.529694659607309
14,4.260483215512098
