Value,Count
0,4.425384896532929
1,5.137646704317502
2,4.045385309021938
3,4.1750446539392865
4,4.879572022539745
5,4.448168647852277
6,4.9895607468066325
7,4.862969179690779
8,4.79396787010685
9,4.764402736568175
10,4.724764420967766
11,5.035212097520619
12,5.178326874853605
13,4.91925165029243
14,4.383881913691408
