Value,Count
0,3.397864032204731
1,4.989887959845888
2,5.0182726517804
3,5.084436461552942
4,4.078292787208939
5,4.607074396480832
6,3.7277483634498623
7,4.7898879598458866
8,4.773813574953136
9,5.0754693000768345
10,5.069230922190525
11,5.141035489925732
12,4.0582349041140215
13,3.763346136883489
14,5.137502064275834
