Value,Count
0,4.0088032967403135
1,4.9234160718683375
2,4.252150946667041
3,4.926635880100924
4,5.097528887023799
5,4.351296772352154
6,5.110640130788332
7,4.724641336560465
8,4.942356898941188
9,4.937352075963677
10,4.68525084859529
11,4.931916219309804
12,4.177277951038931
13,4.835511488949898
14,4.146028923868217
