Value,Count
0,3.5850331487949143
1,5.136842612615251
2,5.007495588028188
3,5.073005359701344
4,4.348969190091425
5,4.724366535395803
6,4.792297637846828
7,4.6741543221435835
8,4.864131650852469
9,4.859830338029377
10,4.986475065531985
11,5.0734496231481465
12,4.4625480183267126
13,4.09524258791072
14,4.257228000113615
