Value,Count
0,3.7228889390934734
1,5.022718548528495
2,4.217695632306926
3,4.93782243652315
4,4.999489333937303
5,4.4269372211196005
6,4.9137159207978796
7,4.751402907623205
8,4.972432866792563
9,5.036924595524112
10,4.849307457406909
11,5.05547756556783
12,4.5275578517580035
13,4.806437605091335
14,4.314447033202382
