Value,Count
0,4.9141019928145475
1,4.154867764713365
2,4.832985856646206
3,4.1790775305669765
4,4.519794887509927
5,4.869177504913411
6,5.006177224578892
7,5.086964586225733
8,4.830194488652664
9,4.414603355498345
10,4.9835425337104
11,5.059696930415496
12,4.801426613726052
13,4.3110906567164475
14,3.777580638821143
