Value,Count
0,4.553996354592163
1,4.488674096650707
2,4.9493219292357855
3,4.6260106681501085
4,4.744516481932482
5,5.085411798301195
6,4.9139516794115545
7,4.627225059759789
8,4.659249702641053
9,4.63597130095693
10,5.1733678806947045
11,4.176695058187987
12,4.708476866752137
13,4.92661794309009
14,3.8605906102752763
