Value,Count
0,4.7177063224047355
1,4.122840612022761
2,4.379383454764968
3,4.916029842285702
4,5.046737598219152
5,4.611290221599945
6,4.645880353342984
7,4.106721547359703
8,4.94078407103289
9,4.639856694037394
10,5.008804833778489
11,4.8096986345204815
12,4.207637540280046
13,4.573334931245071
14,4.1231866382797815
