Value,Count
0,5.175617434385611
1,4.531460826322184
2,4.2777206569600565
3,4.713828863901703
4,3.91903528400902
5,5.179100237281219
6,4.527743236573747
7,5.068766683078936
8,4.905955406983534
9,4.470860206782834
10,4.828837575326793
11,4.866060996063791
12,4.344494237617546
13,4.19892115855074
14,4.563294411095429
