Value,Count
0,3.674943280235384
1,5.023342674659538
2,5.000326502737225
3,5.156324454471503
4,5.048557463179105
5,5.1971130638769
6,4.627798519267112
7,5.0041679075999985
8,5.018167637384302
9,4.477534098185812
10,4.951398886561924
11,4.945367009457245
12,4.675043446983867
13,4.795710985574623
14,5.074218738871534
