Value,Count
0,4.8160250364187736
1,4.7719609790686
2,4.72650699869575
3,4.929309052134328
4,4.960981148530881
5,4.541881730603722
6,4.903608661776327
7,4.285564815990254
8,4.782676637073031
9,5.027334291353427
10,4.736343047974119
11,4.675718045688492
12,4.864988832197112
13,4.854963766388404
14,4.023610794522637
