Value,Count
0,5.519953476791746
1,5.494784975195469
2,5.508884895933507
3,5.487980848596587
4,5.522208276287705
5,5.4953059585092285
6,5.531915410417439
7,5.5498380388602255
8,5.506469146731646
9,5.5123692259936075
10,5.475355054099025
11,5.508385568582957
12,5.56207911854289
13,5.524694777042574
14,5.567725291526506
