Value,Count
0,3.7854473484576263
1,5.0090864384476275
2,4.348713719503697
3,5.146922674770267
4,4.898746140049136
5,4.312145732913899
6,4.885621889607082
7,4.956158208713585
8,4.671248293640978
9,4.919513852018195
10,4.960966676702005
11,4.715946001123215
12,4.06793107685001
13,4.727503434041312
14,3.7696893830908387
