Value,Count
0,4.9119988190972865
1,3.4730065850640948
2,4.358059034604703
3,4.265972829080812
4,3.757138112980827
5,4.735663184183925
6,4.8735514300813305
7,4.955995540562798
8,4.635022736457396
9,4.342384652587402
10,4.741342629971114
11,5.004287615680885
12,4.290841584722379
13,4.769359275701279
14,4.197537312951785
