Value,Count
0,4.259441922251145
1,4.705445700226457
2,4.545940022563553
3,4.847868228515927
4,4.1264839460920655
5,4.873988485756818
6,4.9913343413468
7,4.443697641935015
8,4.936342459868832
9,4.540070950660928
10,5.096466506633743
11,4.226405814089636
12,4.128585387154749
13,4.407197888883915
14,4.808844982654682
