Value,Count
0,4.526222146276473
1,4.011365168185854
2,5.154901238522857
3,5.088805659174355
4,4.635676086339485
5,5.071824099331132
6,5.02510685810377
7,4.3551902547486705
8,4.575414285686698
9,4.913997662175262
10,5.031001227082639
11,4.154199300331718
12,4.107396045029456
13,4.920547123968928
14,4.728633925015204
