Value,Count
0,4.74348303108868
1,4.589720196149869
2,4.850542771515891
3,4.879452245924202
4,4.868586303276644
5,4.742175376698802
6,4.9565679430841305
7,4.824961392570523
8,5.111632249810469
9,4.436519274183876
10,5.186943217800066
11,4.482875700261722
12,4.6431633894351405
13,4.17235658572744
14,4.786145314296158
