Value,Count
0,4.956567537866521
1,4.823727835282264
2,4.54084309791615
3,4.796736772823283
4,4.317693420545116
5,4.94203308194038
6,4.095028065221515
7,4.956622143784128
8,4.913249667840134
9,4.820231810483044
10,4.948926992461077
11,4.942696421457425
12,4.419344655749174
13,4.860048891976356
14,3.9384508601736474
