Value,Count
0,4.757321362857064
1,4.77057426105626
2,4.941200023447049
3,5.213922222435391
4,4.661572715250577
5,4.548304737908851
6,5.014595602426516
7,4.557966015849879
8,4.754460374240894
9,4.947338238641205
10,4.159167877086062
11,4.443492403873073
12,3.978422877383138
13,4.957070089734985
14,4.568571516540129
