Value,Count
0,4.684650454552465
1,4.620377856553557
2,4.671813017342725
3,4.08892571433523
4,4.264185740955418
5,5.1183976724168
6,5.099094941229206
7,5.109988615277665
8,4.570502843449602
9,5.003572778907219
10,5.0347204187824435
11,4.96369997298117
12,4.839041728623975
13,5.1482536359150926
14,4.05252223496039
