Value,Count
0,4.7503580328678146
1,3.844411667476358
2,4.932120950978053
3,5.111288605620496
4,4.612133149496561
5,4.906146959782294
6,4.716447474264932
7,4.761280658007721
8,4.564332041891948
9,4.8846867618723575
10,5.111327309613048
11,4.289089214442609
12,4.21312228016809
13,5.034665146361449
14,4.552030038255509
