Value,Count
0,4.726350721109586
1,4.8659163192383215
2,4.945339866552556
3,5.032421684611738
4,5.123143126279545
5,4.68411180372159
6,5.355013076135461
7,4.227881339841678
8,4.748870584541622
9,4.938157372119163
10,4.514301128779109
11,4.231907958625233
12,3.826897342835359
13,4.951924099004472
14,4.154366684634892
