Value,Count
0,5.421465178656685
1,5.485158728616619
2,5.551789836488042
3,5.517494415663463
4,5.502146286280482
5,5.55274215401889
6,5.477400633695152
7,5.483807688920036
8,5.570512035729972
9,5.540707535816509
10,5.582916823538087
11,5.549788943270428
12,5.4515943364015005
13,5.499014053678322
14,5.518256410838143
