Value,Count
0,5.076736823070244
1,3.8116123379047684
2,4.746421628974833
3,4.907103465737345
4,4.821490321839579
5,4.839103172641262
6,5.1611466422732155
7,4.145710123300181
8,4.058963663928051
9,4.414528006456526
10,5.014934884487326
11,4.003137154070751
12,3.8068364872733054
13,4.893157836132355
14,5.000684005096172
