Value,Count
0,4.907158565017484
1,4.082207419835167
2,4.21636503557399
3,4.79579587279233
4,5.046772973995655
5,3.8171152783422926
6,4.915048187389206
7,4.9438860890854155
8,4.90008335746699
9,4.619464285439072
10,5.154262042354527
11,4.579686408227813
12,4.451281363441024
13,4.9589180960901444
14,4.329909534738121
