Value,Count
0,4.886103991510082
1,4.439085837093762
2,4.336695613383402
3,5.058066206803617
4,4.032081805414444
5,5.031833533560387
6,3.7829011000565846
7,4.72746005729657
8,3.8413875926892684
9,4.614641991993613
10,5.020959780105215
11,4.5363984104810555
12,4.764823484729317
13,5.100488902849229
14,4.587281062891988
