Value,Count
0,5.533857072047376
1,5.514450181366239
2,5.580243584242464
3,5.395867275867
4,5.530837518957192
5,5.529174177988356
6,5.516028225572903
7,5.505015563520966
8,5.534516523707961
9,5.4608366935613235
10,5.530836693561325
11,5.505982713798524
12,5.462984816671546
13,5.487048536237213
14,5.500385636404703
