Value,Count
0,4.7184440316515435
1,4.427713428971513
2,4.644386376656978
3,4.516274582370135
4,4.726112696939201
5,5.035456079632984
6,5.156294398192152
7,4.647289506322654
8,4.321055972365165
9,4.893481702646775
10,4.581134332531276
11,5.257993793260972
12,4.988127253093328
13,4.747659650857692
14,4.979109198900821
