Value,Count
0,4.5930761938610205
1,4.530690506808214
2,4.6931344226440626
3,4.845991860490231
4,3.499275596191729
5,4.758050774753723
6,4.914530006230669
7,4.60052835005251
8,4.5327691655242335
9,5.139835449009282
10,4.244271099162449
11,4.864418237004568
12,4.426614495171755
13,4.859372137758996
14,4.92336278385848
