Value,Count
0,4.72830797730994
1,3.9974963989341017
2,4.241111501815779
3,4.785450980843796
4,4.721567007104076
5,5.084059181193159
6,4.999243737587654
7,4.585352340850526
8,4.316486610797345
9,5.19688750751101
10,4.45037741653007
11,4.943951089334756
12,4.233696916913325
13,4.974607316595962
14,4.910300411051303
