Value,Count
0,4.363411730479446
1,4.531812317847118
2,4.815285288378879
3,4.756351118949182
4,4.866569773078269
5,4.50304933311333
6,4.732809034218935
7,4.843210257913857
8,4.515455240422162
9,5.130797925983146
10,4.662045989682998
11,3.9399047809653047
12,4.05464758639577
13,4.92335766567653
14,4.0414224253018505
