Value,Count
0,4.9555418274520635
1,4.7437955298140295
2,4.832217938746231
3,4.9700808504817084
4,4.513471294775718
5,5.022600927252517
6,5.054226337236946
7,4.430403930334823
8,4.885707247814114
9,4.936066745226695
10,3.8993235765020144
11,5.0547235295578545
12,4.2087625614051944
13,4.582092001762412
14,4.681048199175339
