Value,Count
0,5.457279124562711
1,5.557819073494817
2,5.491918994232856
3,5.4958535560537065
4,5.560047258760057
5,5.448455207202554
6,5.530372741987279
7,5.495693431743672
8,5.458103109744612
9,5.52257844589344
10,5.506887586531309
11,5.515145834199194
12,5.437553159639775
13,5.488675676033675
14,5.472825579202241
