Value,Count
0,5.496144488900292
1,5.5092232735781534
2,5.502606710915894
3,5.576562928699957
4,5.533113149020493
5,5.488804008382622
6,5.525448836067337
7,5.497436009471658
8,5.504125523534884
9,5.5473386436879295
10,5.497920791613042
11,5.4355917136254455
12,5.49859478848279
13,5.5335984690202045
14,5.489548756805375
