Value,Count
0,4.627489995254275
1,4.5323307712530045
2,4.95317050585104
3,4.722194268936865
4,4.9119171795308185
5,4.443474833420083
6,4.848390577097426
7,4.662122350513419
8,4.860090283148931
9,4.081429952119273
10,5.019798393667707
11,4.715499364019528
12,4.51344710625595
13,4.9275346881440765
14,4.435174851237229
