Value,Count
0,4.294070142586902
1,4.413721630084553
2,4.810628375804639
3,4.820832371874005
4,4.274583189750746
5,4.797486755853187
6,4.538359011229018
7,4.923657162749555
8,5.050144624543781
9,4.9531818832239205
10,5.072789316585003
11,4.921913601585107
12,4.365057414386064
13,5.0940876603728755
14,4.09458806727055
