Value,Count
0,4.845539843112596
1,4.888614540929004
2,4.502986151716503
3,4.96424617849812
4,5.170797925983149
5,4.676671726866752
6,4.7649910059411695
7,4.8337716113749085
8,4.310364789333856
9,4.8399623033267325
10,4.636886818012221
11,5.075420407134581
12,4.454040344943865
13,4.6717417348627155
14,5.161000114149228
