Value,Count
0,4.045634119204763
1,4.804859848422215
2,4.768439073384036
3,4.79077993816125
4,4.205616379288369
5,5.000832030555952
6,4.6536301941351175
7,4.710008491181881
8,4.969694171995948
9,4.122950649648296
10,5.1376868532894076
11,4.12632576747873
12,5.120707535816508
13,4.787782943731214
14,4.560963963453507
