Value,Count
0,4.097452544581276
1,4.949759688941803
2,4.54385720490101
3,4.6766435467571235
4,4.171199411374851
5,5.106898547925054
6,5.01325432741375
7,5.028673867201345
8,4.688515712160631
9,4.550002572381541
10,4.867072406192065
11,4.080302139673357
12,4.910746207870881
13,5.064125286244302
14,4.136542258569604
