Value,Count
0,4.401850329411166
1,5.014566444693626
2,4.25408325116159
3,5.019935147753588
4,4.011872657062602
5,5.005989995853051
6,4.7782245666585785
7,4.621466824047111
8,3.921044425851445
9,4.524002708025032
10,4.863806167625248
11,4.254725037208571
12,5.092833098547354
13,5.016936394583561
14,4.506165643168695
