Value,Count
0,4.900627068614765
1,5.118504487864456
2,4.993743766701598
3,4.852521766010242
4,4.363456100781965
5,5.028069414266529
6,4.918814800872283
7,4.589618859903007
8,4.750103715424681
9,5.065124178235982
10,4.3942110380406865
11,4.880561057939483
12,4.9486921869380405
13,4.840413997684307
14,5.041747080047723
