Value,Count
0,4.850261249883773
1,4.677588964949775
2,4.606794263401023
3,5.049076093932504
4,4.197764678379697
5,4.67049539594457
6,4.885485924080438
7,4.654099734700032
8,5.075794862324353
9,4.96238784251101
10,4.96164695892993
11,5.0223673224766126
12,4.335823345090444
13,5.0930714878858065
14,4.341603421648346
