Value,Count
0,4.606918568398947
1,5.193930775463928
2,4.422506987115712
3,4.576089926071067
4,5.154506971578595
5,4.571450690324307
6,4.8411437437229194
7,4.596024144272443
8,4.740653318613005
9,4.774454173654181
10,4.614342683819343
11,4.762923482844289
12,4.66790732212053
13,5.017906379215482
14,4.217078693804277
