Value,Count
0,4.33145133174284
1,5.184499276956034
2,4.961619288642582
3,4.795962708627045
4,4.806977009535296
5,4.550819894783932
6,4.956024698634268
7,3.8073598740186276
8,5.1293819209706575
9,4.331812641548178
10,4.784046286775733
11,4.276456621916032
12,5.064473682377646
13,4.636488921242355
14,4.422190972658995
