Value,Count
0,4.735445700226456
1,4.2943846413888505
2,4.464523293343328
3,4.457736432536263
4,5.218227156509519
5,3.832506141894592
6,4.6673347393279645
7,4.791425745525416
8,5.024740209796657
9,4.910958740552088
10,4.886123658332949
11,4.220569321620942
12,5.004050757431879
13,4.1769177733795395
14,3.8827982474931892
