Value,Count
0,4.702465602471164
1,5.015367711225868
2,4.904131644982765
3,4.196695058187987
4,4.967824772580006
5,4.97633287823278
6,4.729718948391309
7,4.212831020275958
8,5.0239681576443935
9,3.8577346436365705
10,4.507925377764821
11,4.0879664515014404
12,4.694024947856752
13,4.303094240278925
14,4.3246495165483605
