Value,Count
0,4.3064372640445265
1,5.095282686566568
2,5.053765827711532
3,4.708747328499425
4,5.0167730242426165
5,4.141986219942001
6,4.91322668343502
7,4.128348784968075
8,5.156695449473105
9,4.509077953241486
10,5.070457797222088
11,4.310675298800326
12,5.014391678578696
13,4.153911402244322
14,4.860538295160923
