Value,Count
0,4.552390380262009
1,5.334984884493291
2,5.093626734042658
3,4.493818169332237
4,4.96453382733667
5,4.315739948529934
6,4.9840359594974615
7,3.409449548340069
8,4.968239989482082
9,4.51228232411858
10,4.884049476663212
11,4.656531120235365
12,5.0299644381854876
13,4.286061781191276
14,5.1818837147135
