Value,Count
0,4.063562669138936
1,5.164877095174141
2,4.664915496194473
3,5.0711666474446915
4,5.117472809947214
5,4.721036096892262
6,4.81466723495055
7,4.996153081230176
8,5.131227327176558
9,5.015192171369441
10,5.025862030061948
11,4.531665922576764
12,4.913512306579113
13,4.362304740910185
14,4.937267270119947
