Value,Count
0,5.463403256471209
1,5.4430114309022635
2,5.502355506180314
3,5.510742911593012
4,5.549547931409507
5,5.540322821001612
6,5.52178983648804
7,5.502836761383068
8,5.470301990434272
9,5.476853036150674
10,5.478211724459628
11,5.495529723618222
12,5.492323714219227
13,5.429210379160729
14,5.502742979414758
