Value,Count
0,4.528094692613153
1,4.27777229018232
2,4.553935246349764
3,4.871732854995286
4,3.9028221851172376
5,4.65774468272961
6,4.667057824695705
7,4.915027486260007
8,4.427187061460817
9,4.830483675183714
10,4.252692966160213
11,4.659118323501026
12,4.871099418262235
13,5.049906932906427
14,4.590719999499352
