Value,Count
0,4.418068243287976
1,4.53667759811239
2,4.699989754711398
3,4.358455551616876
4,5.08313023186212
5,4.94678586841308
6,4.012681990001826
7,4.104177644368506
8,4.7364106380744
9,4.348932115376403
10,4.971346427943792
11,5.0505165566330765
12,5.070936309439969
13,4.669651089529205
14,4.262529350303639
