Value,Count
0,4.507076790061762
1,4.993633844796705
2,4.560983113360483
3,4.753353806497693
4,4.2153046202206506
5,4.978511951404722
6,5.082288338442719
7,5.02340325647121
8,4.759160565298806
9,4.93741689114091
10,4.529255054341338
11,3.992526684924391
12,4.86729974097279
13,5.022390802936519
14,3.6704480885976025
