Value,Count
0,4.4781483054429945
1,4.910936596977513
2,4.606802402198483
3,4.972156581281994
4,3.618807586305731
5,4.352191029535774
6,4.946232229174367
7,4.793094301723791
8,4.630279862162116
9,4.614577424131199
10,4.619963858551687
11,5.219010453359402
12,5.149055965133786
13,4.815295534973804
14,4.142123222478892
