Value,Count
0,4.387772572414264
1,4.2497977616929905
2,4.940603227847338
3,5.011133809300652
4,4.9874799052665875
5,4.605333386937911
6,4.891646457235127
7,3.964493380953537
8,3.8447573102137165
9,5.086604840155419
10,4.864714529488789
11,4.910774687050597
12,4.169666608742115
13,5.0956791368552885
14,4.723891334890467
