Value,Count
0,4.15016653178716
1,4.280027999964148
2,5.28891944631414
3,4.203849539785134
4,5.1897198260056525
5,4.483525304602145
6,4.849187159929748
7,4.91425957798381
8,4.671964494809331
9,5.1386229801249605
10,4.933603770941922
11,4.609331046393798
12,4.721926642845226
13,4.7409581861902605
14,3.9999419522372093
