Value,Count
0,4.492542804287897
1,5.045462482500344
2,4.896040070629071
3,4.7217574463185406
4,4.868451006508517
5,4.999743352475747
6,4.374027107000125
7,4.924315055307472
8,4.903536248233682
9,4.571055795664948
10,5.038130549371198
11,4.478287882254682
12,4.489042031163228
13,5.014823677897028
14,4.599741555349145
