Value,Count
0,4.117793538811224
1,5.167812714756352
2,5.024551820464166
3,4.78269865692465
4,4.793985197681256
5,4.909206707342818
6,3.892483248730761
7,5.028904376276853
8,5.152998536484837
9,4.412466970941429
10,5.09487880741074
11,4.448543267689866
12,4.382961705185263
13,4.735516947522439
14,4.196711367345821
