Value,Count
0,4.963169814202362
1,4.853218340357085
2,5.075644874012196
3,4.867397049879735
4,4.264957030228606
5,4.864460509377859
6,4.846270046326188
7,4.705291428602484
8,4.6674367558472225
9,4.796226807661516
10,3.719976548715102
11,5.078129022206707
12,4.526005192884582
13,4.766453552908043
14,4.540002732818534
