Value,Count
0,4.300075684219501
1,5.041755286107404
2,5.147732940138878
3,4.454466674386541
4,4.821484732380317
5,3.528024630558933
6,4.402512236405347
7,3.727417655091913
8,4.46162348280859
9,4.614766251526011
10,4.875874687188787
11,4.8669648737632745
12,4.303399729532573
13,4.851960855345648
14,4.418591709518692
