Value,Count
0,4.383194184973418
1,4.536643774475364
2,5.096764262696832
3,4.628243285759954
4,4.907813725224326
5,4.654603532706727
6,4.6699714605461145
7,4.716190317718904
8,4.413397143494809
9,4.401526676421948
10,3.941258434944454
11,5.085115754474702
12,4.1073045206806835
13,5.1004726025987
14,4.633850774983464
