Value,Count
0,4.6904429932352505
1,4.73448798645038
2,4.968312435696254
3,4.457100102709011
4,4.9239436698813535
5,4.303752755946594
6,4.648252506478178
7,5.175585642424523
8,4.5147425817437545
9,4.297422663606384
10,4.427299191916565
11,4.879648372684023
12,5.100252641050386
13,4.028013893326934
14,5.039424008271843
