Value,Count
0,4.456347321523204
1,4.578618095237735
2,4.879892239221641
3,4.811373047480109
4,4.915003236468548
5,4.675905357293075
6,4.910758485409686
7,4.4621948801754705
8,4.224405404261693
9,4.287426905336212
10,4.255718548890296
11,5.035825952516821
12,4.194167086862437
13,4.939832623839271
14,4.835428343284498
