Value,Count
0,5.494098083908297
1,5.558095461132241
2,5.5688848959335076
3,5.533322368920325
4,5.563077773243989
5,5.511416083066891
6,5.531545240811704
7,5.560315710247563
8,5.464726569003661
9,5.454624850885434
10,5.52909411583334
11,5.537002736925287
12,5.525480628028426
13,5.517236925569703
14,5.527855274667189
