Value,Count
0,4.3460070524159
1,4.940567666998725
2,5.204028141247654
3,4.659404012326755
4,4.7668427976873575
5,4.499238762504826
6,3.5431751127557676
7,4.198131916455871
8,4.623622728719048
9,4.638806978554949
10,5.015761486321994
11,4.177328093051953
12,4.323247541372456
13,4.802031082166237
14,4.467754383084998
