Value,Count
0,4.748924174954408
1,4.903572804376701
2,5.103602924241676
3,4.771001124617204
4,4.904006654921879
5,4.807826116595715
6,3.58200813379034
7,4.97989367012898
8,5.083727677011979
9,5.079122380855793
10,4.749358649027998
11,4.977937032555301
12,4.9182650090377305
13,5.168845919838086
14,4.278167289256393
