Value,Count
0,4.496521165646531
1,4.739173048662596
2,4.390584971586825
3,4.029699824664658
4,4.288054014154814
5,4.364359409097642
6,4.356075372775688
7,4.813498942689862
8,5.140174512987877
9,4.593994780547713
10,4.846834169254194
11,4.498051985295518
12,4.568257281405061
13,4.311597308144717
14,4.469579780247375
