Value,Count
0,4.108419262511056
1,4.400610944022638
2,4.919040724025703
3,5.059907677479818
4,4.99288885908337
5,4.421257220092307
6,4.937327085967063
7,4.926968634519188
8,5.057711822033991
9,4.9163010128914095
10,4.578930464584668
11,4.598470039949256
12,4.4657741420861745
13,4.61598693903247
14,3.969066086408253
