Value,Count
0,4.598434774501914
1,4.876885619428691
2,4.532355004485506
3,4.4395085348747205
4,4.874702138117399
5,4.932618594769633
6,4.591456702676932
7,4.897379213051011
8,4.7942750617889685
9,4.828653030764295
10,4.763045042223696
11,4.46070676729742
12,4.885670697659334
13,3.8154777150104073
14,4.513084177598815
