Value,Count
0,4.1394552289883215
1,5.09152874607536
2,4.725019147336381
3,4.5475885307856805
4,4.538503460892978
5,4.8218216284491255
6,5.090086802220486
7,4.764401150095414
8,5.047691566541737
9,4.423877073745544
10,4.659594903502202
11,4.482404775644314
12,4.505423386341208
13,3.9793110938893426
14,4.442237367846196
