Value,Count
0,4.5088426804369925
1,4.846769558748846
2,5.0281470943545035
3,4.611398538865324
4,4.9049279030005355
5,5.252101312364423
6,4.438428722340885
7,4.471985984762063
8,4.61968425678515
9,4.510243929751562
10,4.7475416752937045
11,4.915589403180434
12,3.9510678664665964
13,4.072387264292153
14,4.429404174874392
