Value,Count
0,4.25666353388477
1,5.066547394184626
2,5.051566204190645
3,4.845933454298424
4,5.0033566624106
5,5.134593523402383
6,4.050455562561839
7,4.580694686570133
8,4.857435721934109
9,4.71077266970102
10,5.090588497566069
11,4.484051040338825
12,4.748721822730504
13,4.735749815028012
14,4.899489960610586
