Value,Count
0,4.679989796285758
1,5.0451624893725295
2,4.9700947383704035
3,4.603727145783475
4,4.912532881900582
5,5.050434731994498
6,4.681248257926006
7,4.780376689691098
8,4.333745469211439
9,5.1028890173536565
10,4.895339503080193
11,4.4643296269987145
12,4.630659619263292
13,4.101017740127766
14,4.700229095910081
