Value,Count
0,4.968339651761849
1,4.769669209121068
2,4.351947260395479
3,5.036863155645048
4,5.018723946227606
5,4.941490315969876
6,4.924363143594132
7,4.7564224698053765
8,5.005860990508817
9,4.72090420868382
10,4.612947077136778
11,4.922621890631458
12,4.680270146254708
13,5.082042888597182
14,4.8600203404882905
