Value,Count
0,4.759965073107939
1,4.7666131464495525
2,4.918582934040026
3,5.0688221374071984
4,4.869821256586336
5,4.519604499995646
6,4.901552889424075
7,4.765354097464384
8,4.8607384068579265
9,4.133223398023739
10,4.5740965455459035
11,4.777057851497528
12,3.8808790020981294
13,3.5607593839335463
14,4.528423879719502
