Value,Count
0,5.058116829557906
1,4.654502819197085
2,4.744669783026012
3,4.902669047891975
4,4.909699570513398
5,4.88089782939934
6,4.883634855264683
7,4.813527471804723
8,4.683831896587725
9,4.730607278016597
10,3.8843995981667305
11,5.107580599266361
12,4.7826903568863255
13,4.734672110515675
14,4.608618114907119
