Value,Count
0,4.429989519795623
1,5.176860684763047
2,4.465850029115072
3,4.872722974243281
4,4.588931278274806
5,4.368158276535329
6,4.638069967559528
7,4.703435105309078
8,4.92365539829448
9,4.314558912431384
10,4.724574994218742
11,4.60736522914531
12,3.8799464530944037
13,4.357192399628178
14,3.768429875267643
