Value,Count
0,5.477676195936708
1,5.4548911025249796
2,5.431950786193943
3,5.50369253852606
4,5.515319678322522
5,5.52319321117551
6,5.477980023200719
7,5.533542550213903
8,5.5535107582528145
9,5.450592097884986
10,5.457792459264097
11,5.491566896774915
12,5.512882273157451
13,5.484481973327327
14,5.5009658513061375
