Value,Count
0,4.414016317380405
1,5.115923194673302
2,4.876692086444768
3,4.982944224596674
4,5.005655377301268
5,4.918686620923918
6,4.17908243016917
7,4.461313815892435
8,5.023209888970413
9,4.832518224999593
10,5.029758802101074
11,4.8780723282515
12,4.791395451715338
13,4.919235818894634
14,4.9645170615662835
