Value,Count
0,4.349476549729295
1,4.985806111255644
2,4.863584934279018
3,4.82430361434897
4,4.824168335156271
5,3.934038117165714
6,4.66326868370544
7,4.9304881799187985
8,5.024725876419391
9,4.445242912445374
10,5.159180011898694
11,4.912262685166368
12,3.8648349832378397
13,4.521688566344347
14,4.370500770295174
